5,0,0,0,0,0,0,0,0,0,0,0,0,0,0,0,0,0,0,0,0,0,0,0,0,0,0,0,0,0,0,0,0,0,0,0,0,0,0,0,0,0,0,0,0,0,0,0,0,0,0,0,0,0,0,0,0,0,0,0,0,0,0,0,0,0,0,0,0,0,0,0,0,0,0,0,0,0,0,0,0,0,0,0,0,0,0,0,0,0,0,0,0,0,0,0,0,0,0,0,0,0,0,0,0,0,0,0,0,0,0,0,0,0,0,0,0,0,0,0,0,0,0,0,0,0,0,0,0,0,0,0,0,0,0,0,0,0,0,0,0,0,0,0,0,0,0,0,0,0,0,0,0,3,18,18,18,126,136,175,26,166,255,247,127,0,0,0,0,0,0,0,0,0,0,0,0,30,36,94,154,170,253,253,253,253,253,225,172,253,242,195,64,0,0,0,0,0,0,0,0,0,0,0,49,238,253,253,253,253,253,253,253,253,251,93,82,82,56,39,0,0,0,0,0,0,0,0,0,0,0,0,18,219,253,253,253,253,253,198,182,247,241,0,0,0,0,0,0,0,0,0,0,0,0,0,0,0,0,0,0,80,156,107,253,253,205,11,0,43,154,0,0,0,0,0,0,0,0,0,0,0,0,0,0,0,0,0,0,0,14,1,154,253,90,0,0,0,0,0,0,0,0,0,0,0,0,0,0,0,0,0,0,0,0,0,0,0,0,0,139,253,190,2,0,0,0,0,0,0,0,0,0,0,0,0,0,0,0,0,0,0,0,0,0,0,0,0,11,190,253,70,0,0,0,0,0,0,0,0,0,0,0,0,0,0,0,0,0,0,0,0,0,0,0,0,0,35,241,225,160,108,1,0,0,0,0,0,0,0,0,0,0,0,0,0,0,0,0,0,0,0,0,0,0,0,81,240,253,253,119,25,0,0,0,0,0,0,0,0,0,0,0,0,0,0,0,0,0,0,0,0,0,0,0,45,186,253,253,150,27,0,0,0,0,0,0,0,0,0,0,0,0,0,0,0,0,0,0,0,0,0,0,0,16,93,252,253,187,0,0,0,0,0,0,0,0,0,0,0,0,0,0,0,0,0,0,0,0,0,0,0,0,0,249,253,249,64,0,0,0,0,0,0,0,0,0,0,0,0,0,0,0,0,0,0,0,0,0,46,130,183,253,253,207,2,0,0,0,0,0,0,0,0,0,0,0,0,0,0,0,0,0,0,0,39,148,229,253,253,253,250,182,0,0,0,0,0,0,0,0,0,0,0,0,0,0,0,0,0,0,24,114,221,253,253,253,253,201,78,0,0,0,0,0,0,0,0,0,0,0,0,0,0,0,0,0,23,66,213,253,253,253,253,198,81,2,0,0,0,0,0,0,0,0,0,0,0,0,0,0,0,0,18,171,219,253,253,253,253,195,80,9,0,0,0,0,0,0,0,0,0,0,0,0,0,0,0,0,55,172,226,253,253,253,253,244,133,11,0,0,0,0,0,0,0,0,0,0,0,0,0,0,0,0,0,0,136,253,253,253,212,135,132,16,0,0,0,0,0,0,0,0,0,0,0,0,0,0,0,0,0,0,0,0,0,0,0,0,0,0,0,0,0,0,0,0,0,0,0,0,0,0,0,0,0,0,0,0,0,0,0,0,0,0,0,0,0,0,0,0,0,0,0,0,0,0,0,0,0,0,0,0,0,0,0,0,0,0,0,0,0,0,0,0,0,0,0,0,0,0,0,0,0,0,0,0,0,0,0,0,0,0,0,0
0,0,0,0,0,0,0,0,0,0,0,0,0,0,0,0,0,0,0,0,0,0,0,0,0,0,0,0,0,0,0,0,0,0,0,0,0,0,0,0,0,0,0,0,0,0,0,0,0,0,0,0,0,0,0,0,0,0,0,0,0,0,0,0,0,0,0,0,0,0,0,0,0,0,0,0,0,0,0,0,0,0,0,0,0,0,0,0,0,0,0,0,0,0,0,0,0,0,0,0,0,0,0,0,0,0,0,0,0,0,0,0,0,0,0,0,0,0,0,0,0,0,0,0,0,0,0,0,51,159,253,159,50,0,0,0,0,0,0,0,0,0,0,0,0,0,0,0,0,0,0,0,0,0,0,48,238,252,252,252,237,0,0,0,0,0,0,0,0,0,0,0,0,0,0,0,0,0,0,0,0,0,54,227,253,252,239,233,252,57,6,0,0,0,0,0,0,0,0,0,0,0,0,0,0,0,0,0,10,60,224,252,253,252,202,84,252,253,122,0,0,0,0,0,0,0,0,0,0,0,0,0,0,0,0,0,163,252,252,252,253,252,252,96,189,253,167,0,0,0,0,0,0,0,0,0,0,0,0,0,0,0,0,51,238,253,253,190,114,253,228,47,79,255,168,0,0,0,0,0,0,0,0,0,0,0,0,0,0,0,48,238,252,252,179,12,75,121,21,0,0,253,243,50,0,0,0,0,0,0,0,0,0,0,0,0,0,38,165,253,233,208,84,0,0,0,0,0,0,253,252,165,0,0,0,0,0,0,0,0,0,0,0,0,7,178,252,240,71,19,28,0,0,0,0,0,0,253,252,195,0,0,0,0,0,0,0,0,0,0,0,0,57,252,252,63,0,0,0,0,0,0,0,0,0,253,252,195,0,0,0,0,0,0,0,0,0,0,0,0,198,253,190,0,0,0,0,0,0,0,0,0,0,255,253,196,0,0,0,0,0,0,0,0,0,0,0,76,246,252,112,0,0,0,0,0,0,0,0,0,0,253,252,148,0,0,0,0,0,0,0,0,0,0,0,85,252,230,25,0,0,0,0,0,0,0,0,7,135,253,186,12,0,0,0,0,0,0,0,0,0,0,0,85,252,223,0,0,0,0,0,0,0,0,7,131,252,225,71,0,0,0,0,0,0,0,0,0,0,0,0,85,252,145,0,0,0,0,0,0,0,48,165,252,173,0,0,0,0,0,0,0,0,0,0,0,0,0,0,86,253,225,0,0,0,0,0,0,114,238,253,162,0,0,0,0,0,0,0,0,0,0,0,0,0,0,0,85,252,249,146,48,29,85,178,225,253,223,167,56,0,0,0,0,0,0,0,0,0,0,0,0,0,0,0,85,252,252,252,229,215,252,252,252,196,130,0,0,0,0,0,0,0,0,0,0,0,0,0,0,0,0,0,28,199,252,252,253,252,252,233,145,0,0,0,0,0,0,0,0,0,0,0,0,0,0,0,0,0,0,0,0,25,128,252,253,252,141,37,0,0,0,0,0,0,0,0,0,0,0,0,0,0,0,0,0,0,0,0,0,0,0,0,0,0,0,0,0,0,0,0,0,0,0,0,0,0,0,0,0,0,0,0,0,0,0,0,0,0,0,0,0,0,0,0,0,0,0,0,0,0,0,0,0,0,0,0,0,0,0,0,0,0,0,0,0,0,0,0,0,0,0,0,0,0,0,0,0,0,0,0,0,0,0,0,0,0,0,0,0,0,0,0,0,0,0,0,0,0,0,0,0,0,0,0,0,0,0,0,0,0,0,0,0,0
4,0,0,0,0,0,0,0,0,0,0,0,0,0,0,0,0,0,0,0,0,0,0,0,0,0,0,0,0,0,0,0,0,0,0,0,0,0,0,0,0,0,0,0,0,0,0,0,0,0,0,0,0,0,0,0,0,0,0,0,0,0,0,0,0,0,0,0,0,0,0,0,0,0,0,0,0,0,0,0,0,0,0,0,0,0,0,0,0,0,0,0,0,0,0,0,0,0,0,0,0,0,0,0,0,0,0,0,0,0,0,0,0,0,0,0,0,0,0,0,0,0,0,0,0,0,0,0,0,0,0,0,0,0,0,0,0,0,0,0,0,0,0,0,0,0,0,0,0,0,0,0,0,0,0,0,0,0,0,0,0,67,232,39,0,0,0,0,0,0,0,0,0,62,81,0,0,0,0,0,0,0,0,0,0,0,0,0,0,120,180,39,0,0,0,0,0,0,0,0,0,126,163,0,0,0,0,0,0,0,0,0,0,0,0,0,2,153,210,40,0,0,0,0,0,0,0,0,0,220,163,0,0,0,0,0,0,0,0,0,0,0,0,0,27,254,162,0,0,0,0,0,0,0,0,0,0,222,163,0,0,0,0,0,0,0,0,0,0,0,0,0,183,254,125,0,0,0,0,0,0,0,0,0,46,245,163,0,0,0,0,0,0,0,0,0,0,0,0,0,198,254,56,0,0,0,0,0,0,0,0,0,120,254,163,0,0,0,0,0,0,0,0,0,0,0,0,23,231,254,29,0,0,0,0,0,0,0,0,0,159,254,120,0,0,0,0,0,0,0,0,0,0,0,0,163,254,216,16,0,0,0,0,0,0,0,0,0,159,254,67,0,0,0,0,0,0,0,0,0,14,86,178,248,254,91,0,0,0,0,0,0,0,0,0,0,159,254,85,0,0,0,47,49,116,144,150,241,243,234,179,241,252,40,0,0,0,0,0,0,0,0,0,0,150,253,237,207,207,207,253,254,250,240,198,143,91,28,5,233,250,0,0,0,0,0,0,0,0,0,0,0,0,119,177,177,177,177,177,98,56,0,0,0,0,0,102,254,220,0,0,0,0,0,0,0,0,0,0,0,0,0,0,0,0,0,0,0,0,0,0,0,0,0,169,254,137,0,0,0,0,0,0,0,0,0,0,0,0,0,0,0,0,0,0,0,0,0,0,0,0,0,169,254,57,0,0,0,0,0,0,0,0,0,0,0,0,0,0,0,0,0,0,0,0,0,0,0,0,0,169,254,57,0,0,0,0,0,0,0,0,0,0,0,0,0,0,0,0,0,0,0,0,0,0,0,0,0,169,255,94,0,0,0,0,0,0,0,0,0,0,0,0,0,0,0,0,0,0,0,0,0,0,0,0,0,169,254,96,0,0,0,0,0,0,0,0,0,0,0,0,0,0,0,0,0,0,0,0,0,0,0,0,0,169,254,153,0,0,0,0,0,0,0,0,0,0,0,0,0,0,0,0,0,0,0,0,0,0,0,0,0,169,255,153,0,0,0,0,0,0,0,0,0,0,0,0,0,0,0,0,0,0,0,0,0,0,0,0,0,96,254,153,0,0,0,0,0,0,0,0,0,0,0,0,0,0,0,0,0,0,0,0,0,0,0,0,0,0,0,0,0,0,0,0,0,0,0,0,0,0,0,0,0,0,0,0,0,0,0,0,0,0,0,0,0,0,0,0,0,0,0,0,0,0,0,0,0,0,0,0,0,0,0,0,0,0,0,0,0,0,0,0,0,0,0,0,0,0,0,0,0,0,0,0
1,0,0,0,0,0,0,0,0,0,0,0,0,0,0,0,0,0,0,0,0,0,0,0,0,0,0,0,0,0,0,0,0,0,0,0,0,0,0,0,0,0,0,0,0,0,0,0,0,0,0,0,0,0,0,0,0,0,0,0,0,0,0,0,0,0,0,0,0,0,0,0,0,0,0,0,0,0,0,0,0,0,0,0,0,0,0,0,0,0,0,0,0,0,0,0,0,0,0,0,0,0,0,0,0,0,0,0,0,0,0,0,0,0,0,0,0,0,0,0,0,0,0,0,0,0,0,0,0,0,0,0,0,0,0,0,0,0,0,0,0,0,0,0,0,0,0,0,0,0,0,0,0,0,0,0,0,0,0,124,253,255,63,0,0,0,0,0,0,0,0,0,0,0,0,0,0,0,0,0,0,0,0,0,0,0,96,244,251,253,62,0,0,0,0,0,0,0,0,0,0,0,0,0,0,0,0,0,0,0,0,0,0,0,127,251,251,253,62,0,0,0,0,0,0,0,0,0,0,0,0,0,0,0,0,0,0,0,0,0,0,68,236,251,211,31,8,0,0,0,0,0,0,0,0,0,0,0,0,0,0,0,0,0,0,0,0,0,60,228,251,251,94,0,0,0,0,0,0,0,0,0,0,0,0,0,0,0,0,0,0,0,0,0,0,0,155,253,253,189,0,0,0,0,0,0,0,0,0,0,0,0,0,0,0,0,0,0,0,0,0,0,0,20,253,251,235,66,0,0,0,0,0,0,0,0,0,0,0,0,0,0,0,0,0,0,0,0,0,0,32,205,253,251,126,0,0,0,0,0,0,0,0,0,0,0,0,0,0,0,0,0,0,0,0,0,0,0,104,251,253,184,15,0,0,0,0,0,0,0,0,0,0,0,0,0,0,0,0,0,0,0,0,0,0,80,240,251,193,23,0,0,0,0,0,0,0,0,0,0,0,0,0,0,0,0,0,0,0,0,0,0,32,253,253,253,159,0,0,0,0,0,0,0,0,0,0,0,0,0,0,0,0,0,0,0,0,0,0,0,151,251,251,251,39,0,0,0,0,0,0,0,0,0,0,0,0,0,0,0,0,0,0,0,0,0,0,48,221,251,251,172,0,0,0,0,0,0,0,0,0,0,0,0,0,0,0,0,0,0,0,0,0,0,0,234,251,251,196,12,0,0,0,0,0,0,0,0,0,0,0,0,0,0,0,0,0,0,0,0,0,0,0,253,251,251,89,0,0,0,0,0,0,0,0,0,0,0,0,0,0,0,0,0,0,0,0,0,0,0,159,255,253,253,31,0,0,0,0,0,0,0,0,0,0,0,0,0,0,0,0,0,0,0,0,0,0,48,228,253,247,140,8,0,0,0,0,0,0,0,0,0,0,0,0,0,0,0,0,0,0,0,0,0,0,64,251,253,220,0,0,0,0,0,0,0,0,0,0,0,0,0,0,0,0,0,0,0,0,0,0,0,0,64,251,253,220,0,0,0,0,0,0,0,0,0,0,0,0,0,0,0,0,0,0,0,0,0,0,0,0,24,193,253,220,0,0,0,0,0,0,0,0,0,0,0,0,0,0,0,0,0,0,0,0,0,0,0,0,0,0,0,0,0,0,0,0,0,0,0,0,0,0,0,0,0,0,0,0,0,0,0,0,0,0,0,0,0,0,0,0,0,0,0,0,0,0,0,0,0,0,0,0,0,0,0,0,0,0,0,0,0,0,0,0,0,0,0,0,0,0,0,0,0,0,0,0,0,0,0,0,0,0,0,0
9,0,0,0,0,0,0,0,0,0,0,0,0,0,0,0,0,0,0,0,0,0,0,0,0,0,0,0,0,0,0,0,0,0,0,0,0,0,0,0,0,0,0,0,0,0,0,0,0,0,0,0,0,0,0,0,0,0,0,0,0,0,0,0,0,0,0,0,0,0,0,0,0,0,0,0,0,0,0,0,0,0,0,0,0,0,0,0,0,0,0,0,0,0,0,0,0,0,0,0,0,0,0,0,0,0,0,0,0,0,0,0,0,0,0,0,0,0,0,0,0,0,0,0,0,0,0,0,0,0,0,0,0,0,0,0,0,0,0,0,0,0,0,0,0,0,0,0,0,0,0,0,0,0,0,0,0,0,0,0,0,0,0,0,0,0,0,0,0,0,0,0,0,0,0,0,0,0,0,0,0,0,0,0,0,0,0,0,0,0,0,0,0,0,0,0,0,0,0,0,0,0,0,0,0,0,0,0,0,55,148,210,253,253,113,87,148,55,0,0,0,0,0,0,0,0,0,0,0,0,0,0,0,0,0,0,87,232,252,253,189,210,252,252,253,168,0,0,0,0,0,0,0,0,0,0,0,0,0,0,0,0,4,57,242,252,190,65,5,12,182,252,253,116,0,0,0,0,0,0,0,0,0,0,0,0,0,0,0,0,96,252,252,183,14,0,0,92,252,252,225,21,0,0,0,0,0,0,0,0,0,0,0,0,0,0,0,132,253,252,146,14,0,0,0,215,252,252,79,0,0,0,0,0,0,0,0,0,0,0,0,0,0,0,126,253,247,176,9,0,0,8,78,245,253,129,0,0,0,0,0,0,0,0,0,0,0,0,0,0,0,16,232,252,176,0,0,0,36,201,252,252,169,11,0,0,0,0,0,0,0,0,0,0,0,0,0,0,0,22,252,252,30,22,119,197,241,253,252,251,77,0,0,0,0,0,0,0,0,0,0,0,0,0,0,0,0,16,231,252,253,252,252,252,226,227,252,231,0,0,0,0,0,0,0,0,0,0,0,0,0,0,0,0,0,0,55,235,253,217,138,42,24,192,252,143,0,0,0,0,0,0,0,0,0,0,0,0,0,0,0,0,0,0,0,0,0,0,0,0,62,255,253,109,0,0,0,0,0,0,0,0,0,0,0,0,0,0,0,0,0,0,0,0,0,0,0,0,71,253,252,21,0,0,0,0,0,0,0,0,0,0,0,0,0,0,0,0,0,0,0,0,0,0,0,0,0,253,252,21,0,0,0,0,0,0,0,0,0,0,0,0,0,0,0,0,0,0,0,0,0,0,0,0,71,253,252,21,0,0,0,0,0,0,0,0,0,0,0,0,0,0,0,0,0,0,0,0,0,0,0,0,106,253,252,21,0,0,0,0,0,0,0,0,0,0,0,0,0,0,0,0,0,0,0,0,0,0,0,0,45,255,253,21,0,0,0,0,0,0,0,0,0,0,0,0,0,0,0,0,0,0,0,0,0,0,0,0,0,218,252,56,0,0,0,0,0,0,0,0,0,0,0,0,0,0,0,0,0,0,0,0,0,0,0,0,0,96,252,189,42,0,0,0,0,0,0,0,0,0,0,0,0,0,0,0,0,0,0,0,0,0,0,0,0,14,184,252,170,11,0,0,0,0,0,0,0,0,0,0,0,0,0,0,0,0,0,0,0,0,0,0,0,0,14,147,252,42,0,0,0,0,0,0,0,0,0,0,0,0,0,0,0,0,0,0,0,0,0,0,0,0,0,0,0,0,0,0,0,0,0,0,0,0,0
2,0,0,0,0,0,0,0,0,0,0,0,0,0,0,0,0,0,0,0,0,0,0,0,0,0,0,0,0,0,0,0,0,0,0,0,0,0,0,0,0,0,0,0,0,0,0,0,0,0,0,0,0,0,0,0,0,0,0,0,0,0,0,0,0,0,0,0,0,0,0,0,0,0,0,0,0,0,0,0,0,0,0,0,0,0,0,0,0,0,0,0,0,0,0,0,0,0,0,0,0,0,0,0,0,0,0,0,0,0,0,0,0,0,0,0,0,0,0,0,0,0,0,0,0,0,0,0,0,0,0,0,0,0,0,0,0,0,0,0,0,0,0,0,0,0,0,0,0,0,0,0,0,0,0,0,13,25,100,122,7,0,0,0,0,0,0,0,0,0,0,0,0,0,0,0,0,0,0,0,0,0,33,151,208,252,252,252,146,0,0,0,0,0,0,0,0,0,0,0,0,0,0,0,0,0,0,0,40,152,244,252,253,224,211,252,232,40,0,0,0,0,0,0,0,0,0,0,0,0,0,0,0,0,15,152,239,252,252,252,216,31,37,252,252,60,0,0,0,0,0,0,0,0,0,0,0,0,0,0,0,0,96,252,252,252,252,217,29,0,37,252,252,60,0,0,0,0,0,0,0,0,0,0,0,0,0,0,0,0,181,252,252,220,167,30,0,0,77,252,252,60,0,0,0,0,0,0,0,0,0,0,0,0,0,0,0,0,26,128,58,22,0,0,0,0,100,252,252,60,0,0,0,0,0,0,0,0,0,0,0,0,0,0,0,0,0,0,0,0,0,0,0,0,157,252,252,60,0,0,0,0,0,0,0,0,0,0,0,0,0,0,0,0,0,0,0,0,110,121,122,121,202,252,194,3,0,0,0,0,0,0,0,0,0,0,0,0,0,0,0,0,0,10,53,179,253,253,255,253,253,228,35,0,0,0,0,0,0,0,0,0,0,0,0,0,0,0,0,5,54,227,252,243,228,170,242,252,252,231,117,6,0,0,0,0,0,0,0,0,0,0,0,0,0,0,6,78,252,252,125,59,0,18,208,252,252,252,252,87,7,0,0,0,0,0,0,0,0,0,0,0,0,5,135,252,252,180,16,0,21,203,253,247,129,173,252,252,184,66,49,49,0,0,0,0,0,0,0,0,3,136,252,241,106,17,0,53,200,252,216,65,0,14,72,163,241,252,252,223,0,0,0,0,0,0,0,0,105,252,242,88,18,73,170,244,252,126,29,0,0,0,0,0,89,180,180,37,0,0,0,0,0,0,0,0,231,252,245,205,216,252,252,252,124,3,0,0,0,0,0,0,0,0,0,0,0,0,0,0,0,0,0,0,207,252,252,252,252,178,116,36,4,0,0,0,0,0,0,0,0,0,0,0,0,0,0,0,0,0,0,0,13,93,143,121,23,6,0,0,0,0,0,0,0,0,0,0,0,0,0,0,0,0,0,0,0,0,0,0,0,0,0,0,0,0,0,0,0,0,0,0,0,0,0,0,0,0,0,0,0,0,0,0,0,0,0,0,0,0,0,0,0,0,0,0,0,0,0,0,0,0,0,0,0,0,0,0,0,0,0,0,0,0,0,0,0,0,0,0,0,0,0,0,0,0,0,0,0,0,0,0,0,0,0,0,0,0,0,0,0,0,0,0,0,0,0,0,0,0,0,0,0,0,0,0,0,0,0,0,0,0,0,0,0,0,0,0,0,0,0,0,0,0,0,0,0,0,0,0,0,0,0,0,0,0,0,0,0,0,0,0,0,0,0
1,0,0,0,0,0,0,0,0,0,0,0,0,0,0,0,0,0,0,0,0,0,0,0,0,0,0,0,0,0,0,0,0,0,0,0,0,0,0,0,0,0,0,0,0,0,0,0,0,0,0,0,0,0,0,0,0,0,0,0,0,0,0,0,0,0,0,0,0,0,0,0,0,0,0,0,0,0,0,0,0,0,0,0,0,0,0,0,0,0,0,0,0,0,0,0,0,0,0,0,0,0,0,0,0,0,0,0,0,0,0,0,0,0,0,0,0,0,0,0,0,0,0,0,0,145,255,211,31,0,0,0,0,0,0,0,0,0,0,0,0,0,0,0,0,0,0,0,0,0,0,0,32,237,253,252,71,0,0,0,0,0,0,0,0,0,0,0,0,0,0,0,0,0,0,0,0,0,0,0,11,175,253,252,71,0,0,0,0,0,0,0,0,0,0,0,0,0,0,0,0,0,0,0,0,0,0,0,0,144,253,252,71,0,0,0,0,0,0,0,0,0,0,0,0,0,0,0,0,0,0,0,0,0,0,0,16,191,253,252,71,0,0,0,0,0,0,0,0,0,0,0,0,0,0,0,0,0,0,0,0,0,0,0,26,221,253,252,124,31,0,0,0,0,0,0,0,0,0,0,0,0,0,0,0,0,0,0,0,0,0,0,0,125,253,252,252,108,0,0,0,0,0,0,0,0,0,0,0,0,0,0,0,0,0,0,0,0,0,0,0,0,253,252,252,108,0,0,0,0,0,0,0,0,0,0,0,0,0,0,0,0,0,0,0,0,0,0,0,0,255,253,253,108,0,0,0,0,0,0,0,0,0,0,0,0,0,0,0,0,0,0,0,0,0,0,0,0,253,252,252,108,0,0,0,0,0,0,0,0,0,0,0,0,0,0,0,0,0,0,0,0,0,0,0,0,253,252,252,108,0,0,0,0,0,0,0,0,0,0,0,0,0,0,0,0,0,0,0,0,0,0,0,0,253,252,252,108,0,0,0,0,0,0,0,0,0,0,0,0,0,0,0,0,0,0,0,0,0,0,0,0,255,253,253,170,0,0,0,0,0,0,0,0,0,0,0,0,0,0,0,0,0,0,0,0,0,0,0,0,253,252,252,252,42,0,0,0,0,0,0,0,0,0,0,0,0,0,0,0,0,0,0,0,0,0,0,0,149,252,252,252,144,0,0,0,0,0,0,0,0,0,0,0,0,0,0,0,0,0,0,0,0,0,0,0,109,252,252,252,144,0,0,0,0,0,0,0,0,0,0,0,0,0,0,0,0,0,0,0,0,0,0,0,0,218,253,253,255,35,0,0,0,0,0,0,0,0,0,0,0,0,0,0,0,0,0,0,0,0,0,0,0,175,252,252,253,35,0,0,0,0,0,0,0,0,0,0,0,0,0,0,0,0,0,0,0,0,0,0,0,73,252,252,253,35,0,0,0,0,0,0,0,0,0,0,0,0,0,0,0,0,0,0,0,0,0,0,0,31,211,252,253,35,0,0,0,0,0,0,0,0,0,0,0,0,0,0,0,0,0,0,0,0,0,0,0,0,0,0,0,0,0,0,0,0,0,0,0,0,0,0,0,0,0,0,0,0,0,0,0,0,0,0,0,0,0,0,0,0,0,0,0,0,0,0,0,0,0,0,0,0,0,0,0,0,0,0,0,0,0,0,0,0,0,0,0,0,0,0,0,0,0,0,0,0,0,0,0,0,0,0,0,0,0,0,0,0,0,0,0,0,0,0,0,0,0,0,0,0,0,0,0,0,0
3,0,0,0,0,0,0,0,0,0,0,0,0,0,0,0,0,0,0,0,0,0,0,0,0,0,0,0,0,0,0,0,0,0,0,0,0,0,0,0,0,0,0,0,0,0,0,0,0,0,0,0,0,0,0,0,0,0,0,0,0,0,0,0,0,0,0,0,0,0,0,0,0,0,0,0,0,0,0,0,0,0,0,0,0,0,0,0,0,0,0,0,0,0,0,0,0,0,0,0,0,0,0,0,0,0,0,0,0,0,0,0,0,0,0,0,0,0,0,0,0,0,0,0,0,0,0,0,0,0,0,0,0,0,0,0,0,0,0,0,0,0,0,0,0,0,0,0,0,0,0,0,38,43,105,255,253,253,253,253,253,174,6,0,0,0,0,0,0,0,0,0,0,0,0,0,0,0,43,139,224,226,252,253,252,252,252,252,252,252,158,14,0,0,0,0,0,0,0,0,0,0,0,0,0,0,178,252,252,252,252,253,252,252,252,252,252,252,252,59,0,0,0,0,0,0,0,0,0,0,0,0,0,0,109,252,252,230,132,133,132,132,189,252,252,252,252,59,0,0,0,0,0,0,0,0,0,0,0,0,0,0,4,29,29,24,0,0,0,0,14,226,252,252,172,7,0,0,0,0,0,0,0,0,0,0,0,0,0,0,0,0,0,0,0,0,0,0,85,243,252,252,144,0,0,0,0,0,0,0,0,0,0,0,0,0,0,0,0,0,0,0,0,0,0,88,189,252,252,252,14,0,0,0,0,0,0,0,0,0,0,0,0,0,0,0,0,0,0,0,0,91,212,247,252,252,252,204,9,0,0,0,0,0,0,0,0,0,0,0,0,0,0,0,32,125,193,193,193,253,252,252,252,238,102,28,0,0,0,0,0,0,0,0,0,0,0,0,0,0,0,45,222,252,252,252,252,253,252,252,252,177,0,0,0,0,0,0,0,0,0,0,0,0,0,0,0,0,0,45,223,253,253,253,253,255,253,253,253,253,74,0,0,0,0,0,0,0,0,0,0,0,0,0,0,0,0,0,31,123,52,44,44,44,44,143,252,252,74,0,0,0,0,0,0,0,0,0,0,0,0,0,0,0,0,0,0,0,0,0,0,0,0,15,252,252,74,0,0,0,0,0,0,0,0,0,0,0,0,0,0,0,0,0,0,0,0,0,0,0,0,86,252,252,74,0,0,0,0,0,0,0,0,0,0,0,0,0,0,5,75,9,0,0,0,0,0,0,98,242,252,252,74,0,0,0,0,0,0,0,0,0,0,0,0,0,61,183,252,29,0,0,0,0,18,92,239,252,252,243,65,0,0,0,0,0,0,0,0,0,0,0,0,0,208,252,252,147,134,134,134,134,203,253,252,252,188,83,0,0,0,0,0,0,0,0,0,0,0,0,0,0,208,252,252,252,252,252,252,252,252,253,230,153,8,0,0,0,0,0,0,0,0,0,0,0,0,0,0,0,49,157,252,252,252,252,252,217,207,146,45,0,0,0,0,0,0,0,0,0,0,0,0,0,0,0,0,0,0,7,103,235,252,172,103,24,0,0,0,0,0,0,0,0,0,0,0,0,0,0,0,0,0,0,0,0,0,0,0,0,0,0,0,0,0,0,0,0,0,0,0,0,0,0,0,0,0,0,0,0,0,0,0,0,0,0,0,0,0,0,0,0,0,0,0,0,0,0,0,0,0,0,0,0,0,0,0,0,0,0,0,0,0,0,0,0,0,0,0,0,0,0,0,0,0,0,0,0,0,0,0,0,0,0,0
1,0,0,0,0,0,0,0,0,0,0,0,0,0,0,0,0,0,0,0,0,0,0,0,0,0,0,0,0,0,0,0,0,0,0,0,0,0,0,0,0,0,0,0,0,0,0,0,0,0,0,0,0,0,0,0,0,0,0,0,0,0,0,0,0,0,0,0,0,0,0,0,0,0,0,0,0,0,0,0,0,0,0,0,0,0,0,0,0,0,0,0,0,0,0,0,0,0,0,0,0,0,0,0,0,0,0,0,0,0,0,0,0,0,0,0,0,0,0,0,0,0,0,0,0,0,0,0,0,0,0,0,0,0,0,0,0,0,0,0,0,0,0,0,0,0,0,0,0,0,0,0,0,5,63,197,0,0,0,0,0,0,0,0,0,0,0,0,0,0,0,0,0,0,0,0,0,0,0,0,0,20,254,230,24,0,0,0,0,0,0,0,0,0,0,0,0,0,0,0,0,0,0,0,0,0,0,0,0,20,254,254,48,0,0,0,0,0,0,0,0,0,0,0,0,0,0,0,0,0,0,0,0,0,0,0,0,20,254,255,48,0,0,0,0,0,0,0,0,0,0,0,0,0,0,0,0,0,0,0,0,0,0,0,0,20,254,254,57,0,0,0,0,0,0,0,0,0,0,0,0,0,0,0,0,0,0,0,0,0,0,0,0,20,254,254,108,0,0,0,0,0,0,0,0,0,0,0,0,0,0,0,0,0,0,0,0,0,0,0,0,16,239,254,143,0,0,0,0,0,0,0,0,0,0,0,0,0,0,0,0,0,0,0,0,0,0,0,0,0,178,254,143,0,0,0,0,0,0,0,0,0,0,0,0,0,0,0,0,0,0,0,0,0,0,0,0,0,178,254,143,0,0,0,0,0,0,0,0,0,0,0,0,0,0,0,0,0,0,0,0,0,0,0,0,0,178,254,162,0,0,0,0,0,0,0,0,0,0,0,0,0,0,0,0,0,0,0,0,0,0,0,0,0,178,254,240,0,0,0,0,0,0,0,0,0,0,0,0,0,0,0,0,0,0,0,0,0,0,0,0,0,113,254,240,0,0,0,0,0,0,0,0,0,0,0,0,0,0,0,0,0,0,0,0,0,0,0,0,0,83,254,245,31,0,0,0,0,0,0,0,0,0,0,0,0,0,0,0,0,0,0,0,0,0,0,0,0,79,254,246,38,0,0,0,0,0,0,0,0,0,0,0,0,0,0,0,0,0,0,0,0,0,0,0,0,0,214,254,150,0,0,0,0,0,0,0,0,0,0,0,0,0,0,0,0,0,0,0,0,0,0,0,0,0,144,241,8,0,0,0,0,0,0,0,0,0,0,0,0,0,0,0,0,0,0,0,0,0,0,0,0,0,144,240,2,0,0,0,0,0,0,0,0,0,0,0,0,0,0,0,0,0,0,0,0,0,0,0,0,0,144,254,82,0,0,0,0,0,0,0,0,0,0,0,0,0,0,0,0,0,0,0,0,0,0,0,0,0,230,247,40,0,0,0,0,0,0,0,0,0,0,0,0,0,0,0,0,0,0,0,0,0,0,0,0,0,168,209,31,0,0,0,0,0,0,0,0,0,0,0,0,0,0,0,0,0,0,0,0,0,0,0,0,0,0,0,0,0,0,0,0,0,0,0,0,0,0,0,0,0,0,0,0,0,0,0,0,0,0,0,0,0,0,0,0,0,0,0,0,0,0,0,0,0,0,0,0,0,0,0,0,0,0,0,0,0,0,0,0,0,0,0,0,0,0,0,0,0,0,0,0,0,0,0
4,0,0,0,0,0,0,0,0,0,0,0,0,0,0,0,0,0,0,0,0,0,0,0,0,0,0,0,0,0,0,0,0,0,0,0,0,0,0,0,0,0,0,0,0,0,0,0,0,0,0,0,0,0,0,0,0,0,0,0,0,0,0,0,0,0,0,0,0,0,0,0,0,0,0,0,0,0,0,0,0,0,0,0,0,0,0,0,0,0,0,0,0,0,0,0,0,0,0,0,0,0,0,0,0,0,0,0,0,0,0,0,0,0,0,0,0,0,0,0,0,0,0,0,0,0,0,0,0,0,0,0,0,0,0,189,190,0,0,0,0,0,0,0,0,0,0,0,0,0,0,0,0,0,0,0,0,0,0,0,0,0,143,247,153,0,0,0,0,0,0,0,0,0,0,0,0,0,0,0,0,0,0,0,0,0,0,0,0,136,247,242,86,0,0,0,0,0,0,0,0,0,0,0,0,0,0,0,0,0,0,0,0,0,0,0,0,192,252,187,0,0,0,0,0,0,0,0,0,0,0,0,0,0,0,0,0,62,185,18,0,0,0,0,89,236,217,47,0,0,0,0,0,0,0,0,0,0,0,0,0,0,0,0,0,216,253,60,0,0,0,0,212,255,81,0,0,0,0,0,0,0,0,0,0,0,0,0,0,0,0,0,0,206,252,68,0,0,0,48,242,253,89,0,0,0,0,0,0,0,0,0,0,0,0,0,0,0,0,0,131,251,212,21,0,0,11,167,252,197,5,0,0,0,0,0,0,0,0,0,0,0,0,0,0,0,0,29,232,247,63,0,0,0,153,252,226,0,0,0,0,0,0,0,0,0,0,0,0,0,0,0,0,0,45,219,252,143,0,0,0,116,249,252,103,0,0,0,0,0,0,0,0,0,0,0,0,0,0,0,4,96,253,255,253,200,122,7,25,201,250,158,0,0,0,0,0,0,0,0,0,0,0,0,0,0,0,0,92,252,252,253,217,252,252,200,227,252,231,0,0,0,0,0,0,0,0,0,0,0,0,0,0,0,0,87,251,247,231,65,48,189,252,252,253,252,251,227,35,0,0,0,0,0,0,0,0,0,0,0,0,0,0,190,221,98,0,0,0,42,196,252,253,252,252,162,0,0,0,0,0,0,0,0,0,0,0,0,0,0,0,111,29,0,0,0,0,62,239,252,86,42,42,14,0,0,0,0,0,0,0,0,0,0,0,0,0,0,0,0,0,0,0,0,15,148,253,218,0,0,0,0,0,0,0,0,0,0,0,0,0,0,0,0,0,0,0,0,0,0,0,0,121,252,231,28,0,0,0,0,0,0,0,0,0,0,0,0,0,0,0,0,0,0,0,0,0,0,0,31,221,251,129,0,0,0,0,0,0,0,0,0,0,0,0,0,0,0,0,0,0,0,0,0,0,0,0,218,252,160,0,0,0,0,0,0,0,0,0,0,0,0,0,0,0,0,0,0,0,0,0,0,0,0,0,122,252,82,0,0,0,0,0,0,0,0,0,0,0,0,0,0,0,0,0,0,0,0,0,0,0,0,0,0,0,0,0,0,0,0,0,0,0,0,0,0,0,0,0,0,0,0,0,0,0,0,0,0,0,0,0,0,0,0,0,0,0,0,0,0,0,0,0,0,0,0,0,0,0,0,0,0,0,0,0,0,0,0,0,0,0,0,0,0,0,0,0,0,0,0,0,0,0,0,0,0,0,0,0,0,0,0,0,0,0,0,0,0,0,0,0,0,0,0,0,0,0,0,0,0,0,0,0,0,0
3,0,0,0,0,0,0,0,0,0,0,0,0,0,0,0,0,0,0,0,0,0,0,0,0,0,0,0,0,0,0,0,0,0,0,0,0,0,0,0,0,0,0,0,0,0,0,0,0,0,0,0,0,0,0,0,0,0,0,0,0,0,0,0,0,0,0,0,0,0,0,0,0,0,0,0,0,0,0,0,0,0,0,0,0,0,0,0,0,0,0,0,0,0,0,0,0,0,0,0,0,0,0,0,0,0,0,0,0,0,0,0,0,0,0,0,0,0,0,0,0,0,0,0,42,118,219,166,118,118,6,0,0,0,0,0,0,0,0,0,0,0,0,0,0,0,0,0,0,0,0,103,242,254,254,254,254,254,66,0,0,0,0,0,0,0,0,0,0,0,0,0,0,0,0,0,0,0,0,18,232,254,254,254,254,254,238,70,0,0,0,0,0,0,0,0,0,0,0,0,0,0,0,0,0,0,0,0,104,244,254,224,254,254,254,141,0,0,0,0,0,0,0,0,0,0,0,0,0,0,0,0,0,0,0,0,0,207,254,210,254,254,254,34,0,0,0,0,0,0,0,0,0,0,0,0,0,0,0,0,0,0,0,0,0,84,206,254,254,254,254,41,0,0,0,0,0,0,0,0,0,0,0,0,0,0,0,0,0,0,0,0,0,0,24,209,254,254,254,171,0,0,0,0,0,0,0,0,0,0,0,0,0,0,0,0,0,0,0,0,0,91,137,253,254,254,254,112,0,0,0,0,0,0,0,0,0,0,0,0,0,0,0,0,0,0,0,40,214,250,254,254,254,254,254,34,0,0,0,0,0,0,0,0,0,0,0,0,0,0,0,0,0,0,0,81,247,254,254,254,254,254,254,146,0,0,0,0,0,0,0,0,0,0,0,0,0,0,0,0,0,0,0,0,110,246,254,254,254,254,254,171,0,0,0,0,0,0,0,0,0,0,0,0,0,0,0,0,0,0,0,0,0,73,89,89,93,240,254,171,0,0,0,0,0,0,0,0,0,0,0,0,0,0,0,0,0,0,0,0,0,0,0,0,1,128,254,219,31,0,0,0,0,0,0,0,0,0,0,0,0,0,0,0,0,0,0,0,0,0,0,0,7,254,254,214,28,0,0,0,0,0,0,0,0,0,0,0,0,0,0,0,0,0,0,0,0,0,0,0,138,254,254,116,0,0,0,0,0,0,0,0,0,0,0,0,0,0,0,19,177,90,0,0,0,0,0,25,240,254,254,34,0,0,0,0,0,0,0,0,0,0,0,0,0,0,0,164,254,215,63,36,0,51,89,206,254,254,139,8,0,0,0,0,0,0,0,0,0,0,0,0,0,0,0,57,197,254,254,222,180,241,254,254,253,213,11,0,0,0,0,0,0,0,0,0,0,0,0,0,0,0,0,0,140,105,254,254,254,254,254,254,236,0,0,0,0,0,0,0,0,0,0,0,0,0,0,0,0,0,0,0,0,7,117,117,165,254,254,239,50,0,0,0,0,0,0,0,0,0,0,0,0,0,0,0,0,0,0,0,0,0,0,0,0,0,0,0,0,0,0,0,0,0,0,0,0,0,0,0,0,0,0,0,0,0,0,0,0,0,0,0,0,0,0,0,0,0,0,0,0,0,0,0,0,0,0,0,0,0,0,0,0,0,0,0,0,0,0,0,0,0,0,0,0,0,0,0,0,0,0,0,0,0,0,0,0,0,0,0,0,0,0,0,0,0,0,0,0,0,0,0,0,0,0,0,0,0,0,0,0,0,0,0,0
5,0,0,0,0,0,0,0,0,0,0,0,0,0,0,0,0,0,0,0,0,0,0,0,0,0,0,0,0,0,0,0,0,0,0,0,0,0,0,0,0,0,0,0,0,0,0,0,0,0,0,0,0,0,0,0,0,0,0,0,0,0,0,0,0,0,0,0,0,0,0,0,0,0,0,0,0,0,0,0,0,0,0,0,0,0,0,0,0,0,0,0,0,0,0,0,0,0,0,0,0,0,0,0,0,0,0,0,0,0,0,0,0,0,0,0,0,0,0,0,0,0,0,0,0,0,0,0,0,0,0,0,0,0,0,0,0,0,0,0,0,0,0,0,0,0,0,0,0,0,0,0,0,0,0,0,0,0,0,0,0,0,0,0,0,0,0,0,0,0,0,0,0,0,0,0,0,0,0,0,0,0,0,0,0,0,0,0,0,0,0,0,0,0,0,0,0,0,0,0,0,0,0,0,0,0,0,0,0,0,0,0,0,0,0,0,0,31,40,129,234,234,159,0,0,0,0,0,0,0,0,0,0,0,0,0,0,0,0,0,0,0,0,68,150,239,254,253,253,253,215,0,0,0,0,0,0,0,0,0,0,0,0,0,0,0,0,0,0,156,201,254,254,254,241,150,98,8,0,0,0,0,0,0,0,0,0,0,0,0,0,0,0,0,0,19,154,254,236,203,83,39,30,0,0,0,0,0,0,0,0,0,0,0,0,0,0,0,0,0,0,0,0,144,253,145,12,0,0,0,0,0,0,0,0,0,0,0,0,0,0,0,0,0,0,0,0,0,10,129,222,78,79,8,0,0,0,0,0,0,0,0,0,0,0,0,0,0,0,0,0,0,0,0,0,0,134,253,167,8,0,0,0,0,0,0,0,0,0,0,0,0,0,0,0,0,0,0,0,0,0,0,0,0,255,254,78,0,0,0,0,0,0,0,0,0,0,0,0,0,0,0,0,0,0,0,0,0,0,0,0,0,201,253,226,69,0,0,0,0,0,0,0,0,0,0,0,0,0,0,0,0,0,0,0,0,0,55,6,0,18,128,253,241,41,0,0,0,0,0,0,0,0,0,0,0,0,0,0,0,0,0,0,25,205,235,92,0,0,20,253,253,58,0,0,0,0,0,0,0,0,0,0,0,0,0,0,0,0,0,0,231,245,108,0,0,0,132,253,185,14,0,0,0,0,0,0,0,0,0,0,0,0,0,0,0,0,0,0,121,245,254,254,254,217,254,223,50,0,0,0,0,0,0,0,0,0,0,0,0,0,0,0,0,0,0,0,0,116,165,233,233,234,180,39,3,0,0,0,0,0,0,0,0,0,0,0,0,0,0,0,0,0,0,0,0,0,0,0,0,0,0,0,0,0,0,0,0,0,0,0,0,0,0,0,0,0,0,0,0,0,0,0,0,0,0,0,0,0,0,0,0,0,0,0,0,0,0,0,0,0,0,0,0,0,0,0,0,0,0,0,0,0,0,0,0,0,0,0,0,0,0,0,0,0,0,0,0,0,0,0,0,0,0,0,0,0,0,0,0,0,0,0,0,0,0,0,0,0,0,0,0,0,0,0,0,0,0,0,0,0,0,0,0,0,0,0,0,0,0,0,0,0,0,0,0,0,0,0,0,0,0,0,0,0,0,0,0,0,0,0,0,0,0,0,0,0,0,0,0,0,0,0,0,0,0,0,0,0,0,0,0,0,0,0,0,0,0,0,0,0,0,0,0,0,0,0,0,0,0,0,0,0,0,0,0,0,0,0,0,0,0,0,0,0
3,0,0,0,0,0,0,0,0,0,0,0,0,0,0,0,0,0,0,0,0,0,0,0,0,0,0,0,0,0,0,0,0,0,0,0,0,0,0,0,0,0,0,0,0,0,0,0,0,0,0,0,0,0,0,0,0,0,0,0,0,0,0,0,0,0,0,0,0,0,0,0,0,0,0,0,0,0,0,0,0,0,0,0,0,0,0,0,0,0,0,0,0,0,0,0,0,0,0,0,0,0,0,0,0,0,0,0,0,0,0,0,0,0,0,0,0,0,0,0,0,0,0,0,0,0,0,0,0,0,0,0,0,0,0,0,0,0,0,0,0,0,0,0,12,99,91,142,155,246,182,155,155,155,155,131,52,0,0,0,0,0,0,0,0,0,0,0,0,0,0,0,138,254,254,254,254,254,254,254,254,254,254,254,252,210,122,33,0,0,0,0,0,0,0,0,0,0,0,0,220,254,254,254,235,189,189,189,189,150,189,205,254,254,254,75,0,0,0,0,0,0,0,0,0,0,0,0,35,74,35,35,25,0,0,0,0,0,0,13,224,254,254,153,0,0,0,0,0,0,0,0,0,0,0,0,0,0,0,0,0,0,0,0,0,0,0,90,254,254,247,53,0,0,0,0,0,0,0,0,0,0,0,0,0,0,0,0,0,0,0,0,0,6,152,246,254,254,49,0,0,0,0,0,0,0,0,0,0,0,0,0,0,0,0,0,0,0,0,0,66,158,254,254,249,103,8,0,0,0,0,0,0,0,0,0,0,0,0,0,0,0,0,0,0,0,0,54,251,254,254,254,248,74,5,0,0,0,0,0,0,0,0,0,0,0,0,0,0,0,0,0,0,0,0,140,254,254,254,254,254,254,202,125,45,0,0,0,0,0,0,0,0,0,0,0,0,0,0,0,0,0,0,58,181,234,254,254,254,254,254,254,252,140,22,0,0,0,0,0,0,0,0,0,0,0,0,0,0,0,0,0,0,30,50,73,155,253,254,254,254,254,191,2,0,0,0,0,0,0,0,0,0,0,0,0,0,0,0,0,0,0,0,0,0,91,200,254,254,254,254,118,0,0,0,0,0,0,0,0,0,0,0,0,0,0,0,0,0,0,0,0,0,0,4,192,254,254,254,154,0,0,0,0,0,0,0,0,0,0,0,0,0,0,0,0,0,0,0,0,0,0,0,141,254,254,254,116,0,0,0,0,0,0,0,0,0,0,0,0,0,25,126,86,0,0,0,0,0,0,3,188,254,254,250,61,0,0,0,0,0,0,0,0,0,0,0,0,24,209,254,15,0,0,0,0,0,23,137,254,254,254,209,0,0,0,0,0,0,0,0,0,0,0,0,0,168,254,254,48,9,0,0,9,127,241,254,254,255,242,63,0,0,0,0,0,0,0,0,0,0,0,0,0,101,254,254,254,205,190,190,205,254,254,254,254,242,67,0,0,0,0,0,0,0,0,0,0,0,0,0,0,33,166,254,254,254,254,254,254,254,254,250,138,55,0,0,0,0,0,0,0,0,0,0,0,0,0,0,0,0,7,88,154,116,194,194,154,154,88,49,0,0,0,0,0,0,0,0,0,0,0,0,0,0,0,0,0,0,0,0,0,0,0,0,0,0,0,0,0,0,0,0,0,0,0,0,0,0,0,0,0,0,0,0,0,0,0,0,0,0,0,0,0,0,0,0,0,0,0,0,0,0,0,0,0,0,0,0,0,0,0,0,0,0,0,0,0,0,0,0,0,0,0,0,0,0,0,0,0,0,0,0,0,0
6,0,0,0,0,0,0,0,0,0,0,0,0,0,0,0,0,0,0,0,0,0,0,0,0,0,0,0,0,0,0,0,0,0,0,0,0,0,0,0,0,0,0,0,0,0,0,0,0,0,0,0,0,0,0,0,0,0,0,0,0,0,0,0,0,0,0,0,0,0,0,0,0,38,222,225,0,0,0,0,0,0,0,0,0,0,0,0,0,0,0,0,0,0,0,0,0,0,0,0,147,234,252,176,0,0,0,0,0,0,0,0,0,0,0,0,0,0,0,0,0,0,0,0,0,0,23,197,253,252,208,19,0,0,0,0,0,0,0,0,0,0,0,0,0,0,0,0,0,0,0,0,0,38,178,252,253,117,65,0,0,0,0,0,0,0,0,0,0,0,0,0,0,0,0,0,0,0,0,0,0,57,252,252,253,89,0,0,0,0,0,0,0,0,0,0,0,0,0,0,0,0,0,0,0,0,0,0,38,222,253,253,79,0,0,0,0,0,0,0,0,0,0,0,0,0,0,0,0,0,0,0,0,0,0,0,131,252,179,27,0,0,0,0,0,0,0,0,0,0,0,0,0,0,0,0,0,0,0,0,0,0,0,198,246,220,37,0,0,0,0,0,0,0,0,0,0,0,0,0,0,0,0,0,0,0,0,0,0,0,79,253,252,135,28,0,0,0,0,0,0,0,0,0,0,0,0,0,0,0,0,0,0,0,0,0,0,16,140,253,252,118,0,0,0,0,111,140,140,0,0,0,0,0,0,0,0,0,0,0,0,0,0,0,0,13,191,255,253,56,0,0,114,113,222,253,253,255,27,0,0,0,0,0,0,0,0,0,0,0,0,0,0,76,252,253,223,37,0,48,174,252,252,242,214,253,199,31,0,0,0,0,0,0,0,0,0,0,0,0,13,109,252,228,130,0,38,165,253,233,164,49,63,253,214,31,0,0,0,0,0,0,0,0,0,0,0,0,73,252,252,126,0,23,178,252,240,148,7,44,215,240,148,0,0,0,0,0,0,0,0,0,0,0,0,0,119,252,252,0,0,197,252,252,63,0,57,252,252,140,0,0,0,0,0,0,0,0,0,0,0,0,0,0,135,253,174,0,48,229,253,112,0,38,222,253,112,0,0,0,0,0,0,0,0,0,0,0,0,0,0,0,135,252,173,0,48,227,252,158,226,234,201,27,12,0,0,0,0,0,0,0,0,0,0,0,0,0,0,0,57,252,252,57,104,240,252,252,253,233,74,0,0,0,0,0,0,0,0,0,0,0,0,0,0,0,0,0,51,242,252,253,252,252,252,252,240,148,0,0,0,0,0,0,0,0,0,0,0,0,0,0,0,0,0,0,0,75,189,253,252,252,157,112,63,0,0,0,0,0,0,0,0,0,0,0,0,0,0,0,0,0,0,0,0,0,0,0,0,0,0,0,0,0,0,0,0,0,0,0,0,0,0,0,0,0,0,0,0,0,0,0,0,0,0,0,0,0,0,0,0,0,0,0,0,0,0,0,0,0,0,0,0,0,0,0,0,0,0,0,0,0,0,0,0,0,0,0,0,0,0,0,0,0,0,0,0,0,0,0,0,0,0,0,0,0,0,0,0,0,0,0,0,0,0,0,0,0,0,0,0,0,0,0,0,0,0,0,0,0,0,0,0,0,0,0,0,0,0,0,0,0,0,0,0,0,0,0,0,0,0,0,0,0,0,0,0,0,0,0,0,0,0,0,0,0,0,0,0,0,0,0,0,0,0,0,0,0,0,0,0,0,0,0,0
1,0,0,0,0,0,0,0,0,0,0,0,0,0,0,0,0,0,0,0,0,0,0,0,0,0,0,0,0,0,0,0,0,0,0,0,0,0,0,0,0,0,0,0,0,0,0,0,0,0,0,0,0,0,0,0,0,0,0,0,0,0,0,0,0,0,0,0,0,0,0,0,0,0,0,0,0,0,0,0,0,0,0,0,0,0,0,0,0,0,0,0,0,0,0,0,0,0,0,0,0,0,0,0,0,0,0,0,0,0,0,0,0,0,0,0,0,0,0,0,0,0,0,0,0,0,0,0,0,0,0,0,0,0,0,0,0,0,0,0,0,0,0,0,0,0,0,0,0,0,0,0,1,168,242,28,0,0,0,0,0,0,0,0,0,0,0,0,0,0,0,0,0,0,0,0,0,0,0,0,10,228,254,100,0,0,0,0,0,0,0,0,0,0,0,0,0,0,0,0,0,0,0,0,0,0,0,0,0,190,254,122,0,0,0,0,0,0,0,0,0,0,0,0,0,0,0,0,0,0,0,0,0,0,0,0,0,83,254,162,0,0,0,0,0,0,0,0,0,0,0,0,0,0,0,0,0,0,0,0,0,0,0,0,0,29,254,248,25,0,0,0,0,0,0,0,0,0,0,0,0,0,0,0,0,0,0,0,0,0,0,0,0,29,255,254,103,0,0,0,0,0,0,0,0,0,0,0,0,0,0,0,0,0,0,0,0,0,0,0,0,29,254,254,109,0,0,0,0,0,0,0,0,0,0,0,0,0,0,0,0,0,0,0,0,0,0,0,0,29,254,254,109,0,0,0,0,0,0,0,0,0,0,0,0,0,0,0,0,0,0,0,0,0,0,0,0,29,254,254,109,0,0,0,0,0,0,0,0,0,0,0,0,0,0,0,0,0,0,0,0,0,0,0,0,29,255,254,109,0,0,0,0,0,0,0,0,0,0,0,0,0,0,0,0,0,0,0,0,0,0,0,0,29,254,254,109,0,0,0,0,0,0,0,0,0,0,0,0,0,0,0,0,0,0,0,0,0,0,0,0,29,254,254,63,0,0,0,0,0,0,0,0,0,0,0,0,0,0,0,0,0,0,0,0,0,0,0,0,29,254,254,28,0,0,0,0,0,0,0,0,0,0,0,0,0,0,0,0,0,0,0,0,0,0,0,0,29,254,254,28,0,0,0,0,0,0,0,0,0,0,0,0,0,0,0,0,0,0,0,0,0,0,0,0,29,254,254,35,0,0,0,0,0,0,0,0,0,0,0,0,0,0,0,0,0,0,0,0,0,0,0,0,29,254,254,109,0,0,0,0,0,0,0,0,0,0,0,0,0,0,0,0,0,0,0,0,0,0,0,0,6,212,254,109,0,0,0,0,0,0,0,0,0,0,0,0,0,0,0,0,0,0,0,0,0,0,0,0,0,203,254,178,0,0,0,0,0,0,0,0,0,0,0,0,0,0,0,0,0,0,0,0,0,0,0,0,0,155,254,190,0,0,0,0,0,0,0,0,0,0,0,0,0,0,0,0,0,0,0,0,0,0,0,0,0,32,199,104,0,0,0,0,0,0,0,0,0,0,0,0,0,0,0,0,0,0,0,0,0,0,0,0,0,0,0,0,0,0,0,0,0,0,0,0,0,0,0,0,0,0,0,0,0,0,0,0,0,0,0,0,0,0,0,0,0,0,0,0,0,0,0,0,0,0,0,0,0,0,0,0,0,0,0,0,0,0,0,0,0,0,0,0,0,0,0,0,0,0,0,0,0,0,0,0
7,0,0,0,0,0,0,0,0,0,0,0,0,0,0,0,0,0,0,0,0,0,0,0,0,0,0,0,0,0,0,0,0,0,0,0,0,0,0,0,0,0,0,0,0,0,0,0,0,0,0,0,0,0,0,0,0,0,0,0,0,0,0,0,0,0,0,0,0,0,0,0,0,0,0,0,0,0,0,0,0,0,0,0,0,0,0,0,0,0,0,0,0,0,0,0,0,0,0,0,0,0,0,0,0,0,0,0,0,0,0,0,0,0,0,0,0,0,0,0,0,0,0,0,0,0,0,0,0,0,0,0,0,0,0,0,0,0,0,0,0,0,0,0,0,0,0,0,0,0,0,0,0,0,0,0,0,0,0,0,0,0,0,0,0,0,0,0,0,0,0,0,0,0,0,0,0,0,0,0,0,0,0,0,0,0,0,0,0,0,0,0,0,0,0,0,0,0,0,0,0,0,0,0,0,0,0,0,0,0,0,0,115,121,162,253,253,213,0,0,0,0,0,0,0,0,0,0,0,0,0,0,0,0,0,0,0,63,107,170,251,252,252,252,252,250,214,0,0,0,0,0,0,0,0,0,0,0,0,0,0,25,192,226,226,241,252,253,202,252,252,252,252,252,225,0,0,0,0,0,0,0,0,0,0,0,0,0,68,223,252,252,252,252,252,39,19,39,65,224,252,252,183,0,0,0,0,0,0,0,0,0,0,0,0,0,186,252,252,252,245,108,53,0,0,0,150,252,252,220,20,0,0,0,0,0,0,0,0,0,0,0,0,70,242,252,252,222,59,0,0,0,0,0,178,252,252,141,0,0,0,0,0,0,0,0,0,0,0,0,0,185,252,252,194,67,0,0,0,0,17,90,240,252,194,67,0,0,0,0,0,0,0,0,0,0,0,0,0,83,205,190,24,0,0,0,0,0,121,252,252,209,24,0,0,0,0,0,0,0,0,0,0,0,0,0,0,0,0,0,0,0,0,0,0,77,247,252,248,106,0,0,0,0,0,0,0,0,0,0,0,0,0,0,0,0,0,0,0,0,0,0,0,253,252,252,102,0,0,0,0,0,0,0,0,0,0,0,0,0,0,0,0,0,0,0,0,0,0,0,134,255,253,253,39,0,0,0,0,0,0,0,0,0,0,0,0,0,0,0,0,0,0,0,0,0,0,6,183,253,252,107,2,0,0,0,0,0,0,0,0,0,0,0,0,0,0,0,0,0,0,0,0,0,10,102,252,253,163,16,0,0,0,0,0,0,0,0,0,0,0,0,0,0,0,0,0,0,0,0,0,13,168,252,252,110,2,0,0,0,0,0,0,0,0,0,0,0,0,0,0,0,0,0,0,0,0,0,0,41,252,252,217,0,0,0,0,0,0,0,0,0,0,0,0,0,0,0,0,0,0,0,0,0,0,0,40,155,252,214,31,0,0,0,0,0,0,0,0,0,0,0,0,0,0,0,0,0,0,0,0,0,0,0,165,252,252,106,0,0,0,0,0,0,0,0,0,0,0,0,0,0,0,0,0,0,0,0,0,0,0,43,179,252,150,39,0,0,0,0,0,0,0,0,0,0,0,0,0,0,0,0,0,0,0,0,0,0,0,137,252,221,39,0,0,0,0,0,0,0,0,0,0,0,0,0,0,0,0,0,0,0,0,0,0,0,0,67,252,79,0,0,0,0,0,0,0,0,0,0,0,0,0,0,0,0,0,0,0,0,0,0,0,0,0,0,0,0,0,0,0,0,0,0,0,0,0,0,0,0,0,0,0,0,0
2,0,0,0,0,0,0,0,0,0,0,0,0,0,0,0,0,0,0,0,0,0,0,0,0,0,0,0,0,0,0,0,0,0,0,0,0,0,0,0,0,0,0,0,0,0,0,0,0,0,0,0,0,0,0,0,0,0,0,0,0,0,0,0,0,0,0,0,0,0,0,0,0,0,0,0,0,0,0,0,0,0,0,0,0,0,0,0,0,0,0,0,0,0,0,0,0,0,0,0,0,0,0,0,0,0,0,0,0,0,0,0,0,0,0,0,0,0,0,0,0,0,0,0,0,0,0,0,0,0,0,0,0,0,0,0,0,0,0,0,0,0,0,0,0,0,0,0,0,0,0,0,93,164,211,250,250,194,15,0,0,0,0,0,0,0,0,0,0,0,0,0,0,0,0,0,0,0,20,176,253,237,180,180,243,254,214,0,0,0,0,0,0,0,0,0,0,0,0,0,0,0,0,0,0,0,204,236,135,18,0,0,40,242,252,126,0,0,0,0,0,0,0,0,0,0,0,0,0,0,0,0,0,69,253,167,0,0,0,0,0,130,254,223,0,0,0,0,0,0,0,0,0,0,0,0,0,0,0,0,0,74,217,79,0,0,0,0,0,46,254,231,14,0,0,0,0,0,0,0,0,0,0,0,0,0,0,0,0,8,10,0,0,0,0,0,0,39,254,254,104,0,0,0,0,0,0,0,0,0,0,0,0,0,0,0,0,0,0,0,0,0,0,0,0,5,212,254,141,0,0,0,0,0,0,0,0,0,0,0,0,0,0,0,0,0,0,0,0,0,0,0,0,0,207,254,141,0,0,0,0,0,0,0,0,0,0,0,0,0,0,0,0,0,0,0,0,0,0,0,0,7,215,254,128,0,0,0,0,0,0,0,0,0,0,0,0,0,0,0,0,0,0,0,0,0,0,0,0,39,254,254,56,0,0,20,67,124,39,0,0,0,0,0,0,0,0,0,0,0,0,0,0,0,0,7,35,98,254,254,208,157,207,225,254,241,160,0,0,0,0,0,0,0,0,0,0,9,31,82,137,203,203,212,254,254,254,254,251,223,223,127,52,33,0,0,0,0,0,0,0,0,0,9,137,214,254,254,254,254,240,228,250,254,254,154,50,0,0,0,0,0,0,0,0,0,0,0,0,0,0,185,254,247,179,146,67,60,28,0,216,254,220,12,0,0,0,0,0,0,0,0,0,0,0,0,0,0,0,255,222,49,0,0,0,0,4,137,244,232,50,0,0,0,0,0,0,0,0,0,0,0,0,0,0,0,0,254,206,4,0,0,0,8,179,254,247,64,0,0,0,0,0,0,0,0,0,0,0,0,0,0,0,0,0,216,254,158,177,130,96,213,252,199,49,0,0,0,0,0,0,0,0,0,0,0,0,0,0,0,0,0,0,0,131,247,249,249,249,171,72,0,0,0,0,0,0,0,0,0,0,0,0,0,0,0,0,0,0,0,0,0,0,0,0,0,0,0,0,0,0,0,0,0,0,0,0,0,0,0,0,0,0,0,0,0,0,0,0,0,0,0,0,0,0,0,0,0,0,0,0,0,0,0,0,0,0,0,0,0,0,0,0,0,0,0,0,0,0,0,0,0,0,0,0,0,0,0,0,0,0,0,0,0,0,0,0,0,0,0,0,0,0,0,0,0,0,0,0,0,0,0,0,0,0,0,0,0,0,0,0,0,0,0,0,0,0,0,0,0,0,0,0,0,0,0,0,0,0,0,0,0,0,0,0,0,0,0,0,0,0,0,0,0,0
8,0,0,0,0,0,0,0,0,0,0,0,0,0,0,0,0,0,0,0,0,0,0,0,0,0,0,0,0,0,0,0,0,0,0,0,0,0,0,0,0,0,0,0,0,0,0,0,0,0,0,0,0,0,0,0,0,0,0,0,0,0,0,0,0,0,0,0,0,0,0,0,0,0,0,0,0,0,0,0,0,0,0,0,0,0,0,0,0,0,0,0,0,0,0,0,0,0,0,0,0,0,0,0,0,0,0,0,0,0,0,0,0,0,0,0,0,0,0,0,0,0,0,0,0,0,0,0,0,0,0,0,0,0,0,0,0,0,0,0,0,0,0,0,0,0,0,0,0,0,0,0,0,0,0,0,0,0,0,0,11,203,229,32,0,0,0,0,0,0,0,0,0,0,0,0,0,0,0,0,0,0,0,0,26,47,47,30,95,254,215,13,0,0,0,0,0,0,0,0,0,0,0,0,0,0,0,0,45,154,185,185,223,253,253,133,175,255,188,19,0,0,0,0,0,0,0,0,0,0,0,0,0,0,0,0,110,253,253,253,246,161,228,253,253,254,92,0,0,0,0,0,0,0,0,0,0,0,0,0,0,0,0,128,245,253,158,137,21,0,48,233,253,233,8,0,0,0,0,0,0,0,0,0,0,0,0,0,0,0,0,139,254,223,25,0,0,36,170,254,244,106,0,0,0,0,0,0,0,0,0,0,0,0,0,0,0,0,0,55,212,253,161,11,26,178,253,236,113,0,0,0,0,0,0,0,0,0,0,0,0,0,0,0,0,0,0,7,155,253,228,80,223,253,253,109,0,0,0,0,0,0,0,0,0,0,0,0,0,0,0,0,0,0,0,0,141,253,253,253,254,253,154,29,0,0,0,0,0,0,0,0,0,0,0,0,0,0,0,0,0,0,0,0,110,253,253,253,254,179,38,0,0,0,0,0,0,0,0,0,0,0,0,0,0,0,0,0,0,0,0,3,171,254,254,254,179,0,0,0,0,0,0,0,0,0,0,0,0,0,0,0,0,0,0,0,0,0,0,171,253,253,253,253,178,0,0,0,0,0,0,0,0,0,0,0,0,0,0,0,0,0,0,0,0,26,123,254,253,203,156,253,200,0,0,0,0,0,0,0,0,0,0,0,0,0,0,0,0,0,0,0,0,93,253,254,121,13,93,253,158,0,0,0,0,0,0,0,0,0,0,0,0,0,0,0,0,0,0,0,64,239,253,76,8,32,219,253,126,0,0,0,0,0,0,0,0,0,0,0,0,0,0,0,0,0,0,0,133,254,191,0,5,108,234,254,106,0,0,0,0,0,0,0,0,0,0,0,0,0,0,0,0,0,0,0,132,253,190,5,85,253,236,154,0,0,0,0,0,0,0,0,0,0,0,0,0,0,0,0,0,0,0,0,153,253,169,192,253,253,77,0,0,0,0,0,0,0,0,0,0,0,0,0,0,0,0,0,0,0,0,0,112,253,253,254,236,129,9,0,0,0,0,0,0,0,0,0,0,0,0,0,0,0,0,0,0,0,0,0,17,118,243,191,113,0,0,0,0,0,0,0,0,0,0,0,0,0,0,0,0,0,0,0,0,0,0,0,0,0,0,0,0,0,0,0,0,0,0,0,0,0,0,0,0,0,0,0,0,0,0,0,0,0,0,0,0,0,0,0,0,0,0,0,0,0,0,0,0,0,0,0,0,0,0,0,0,0,0,0,0,0,0,0,0,0,0,0,0,0,0,0,0,0,0,0,0,0,0,0,0,0,0,0,0
6,0,0,0,0,0,0,0,0,0,0,0,0,0,0,0,0,0,0,0,0,0,0,0,0,0,0,0,0,0,0,0,0,0,0,0,0,0,0,0,0,0,0,0,0,0,0,0,0,0,0,0,0,0,0,0,0,0,0,0,0,0,0,0,0,0,0,0,0,0,0,0,0,0,0,0,0,0,0,0,0,0,0,0,0,0,0,0,0,0,0,0,0,0,0,0,0,0,0,0,0,34,169,250,40,0,0,0,0,0,0,0,0,0,0,0,0,0,0,0,0,0,0,0,0,0,0,0,58,242,221,143,17,0,0,0,0,0,0,0,0,0,0,0,0,0,0,0,0,0,0,0,0,0,0,75,247,143,10,0,0,0,0,0,0,0,0,0,0,0,0,0,0,0,0,0,0,0,0,0,0,0,37,245,184,2,0,0,0,0,0,0,0,0,0,0,0,0,0,0,0,0,0,0,0,0,0,0,0,8,192,200,14,0,0,0,0,0,0,0,0,0,0,0,0,0,0,0,0,0,0,0,0,0,0,0,0,139,247,28,0,0,0,0,0,0,0,0,0,0,0,0,0,0,0,0,0,0,0,0,0,0,0,0,7,231,183,0,0,0,0,0,0,0,0,0,0,0,0,0,0,0,0,0,0,0,0,0,0,0,0,0,125,243,50,0,0,0,0,0,0,0,0,0,0,0,0,0,0,0,0,0,0,0,0,0,0,0,0,0,195,184,0,0,0,0,0,0,0,0,0,0,0,0,0,0,0,0,0,0,0,0,0,0,0,0,0,61,251,41,0,0,0,64,43,0,0,0,0,0,0,0,0,0,0,0,0,0,0,0,0,0,0,0,0,152,210,7,0,96,237,254,247,107,0,0,0,0,0,0,0,0,0,0,0,0,0,0,0,0,0,0,0,250,84,0,6,223,84,13,87,246,72,0,0,0,0,0,0,0,0,0,0,0,0,0,0,0,0,0,43,254,80,0,56,151,0,0,0,147,193,0,0,0,0,0,0,0,0,0,0,0,0,0,0,0,0,0,67,254,41,0,13,19,0,0,0,42,253,0,0,0,0,0,0,0,0,0,0,0,0,0,0,0,0,0,67,254,13,0,0,0,0,0,0,14,253,0,0,0,0,0,0,0,0,0,0,0,0,0,0,0,0,0,68,255,13,0,0,0,0,0,0,77,240,0,0,0,0,0,0,0,0,0,0,0,0,0,0,0,0,0,67,254,13,0,0,0,0,0,5,181,147,0,0,0,0,0,0,0,0,0,0,0,0,0,0,0,0,0,25,229,105,0,0,0,0,5,156,213,20,0,0,0,0,0,0,0,0,0,0,0,0,0,0,0,0,0,0,107,246,105,14,49,95,217,209,27,0,0,0,0,0,0,0,0,0,0,0,0,0,0,0,0,0,0,0,0,107,246,253,253,240,130,6,0,0,0,0,0,0,0,0,0,0,0,0,0,0,0,0,0,0,0,0,0,0,0,0,0,0,0,0,0,0,0,0,0,0,0,0,0,0,0,0,0,0,0,0,0,0,0,0,0,0,0,0,0,0,0,0,0,0,0,0,0,0,0,0,0,0,0,0,0,0,0,0,0,0,0,0,0,0,0,0,0,0,0,0,0,0,0,0,0,0,0,0,0,0,0,0,0,0,0,0,0,0,0,0,0,0,0,0,0,0,0,0,0,0,0,0,0,0,0,0,0,0,0,0,0,0,0,0,0,0,0,0,0,0,0,0,0,0,0,0,0,0,0,0,0,0,0,0,0,0
9,0,0,0,0,0,0,0,0,0,0,0,0,0,0,0,0,0,0,0,0,0,0,0,0,0,0,0,0,0,0,0,0,0,0,0,0,0,0,0,0,0,0,0,0,0,0,0,0,0,0,0,0,0,0,0,0,0,0,0,0,0,0,0,0,0,0,0,0,0,0,0,0,0,0,0,0,0,0,0,0,0,0,0,0,0,0,0,0,0,0,0,0,0,0,0,0,0,0,0,0,0,0,0,0,0,0,0,0,0,0,0,0,0,0,0,0,0,0,0,0,0,0,0,0,0,0,0,0,0,0,0,0,0,0,0,0,0,0,0,0,0,0,0,0,0,0,0,0,0,0,0,0,0,0,0,0,0,0,0,0,0,0,0,0,0,0,0,0,0,0,0,0,0,0,0,0,0,0,0,0,0,0,0,0,0,0,0,0,0,0,0,0,0,0,0,0,0,0,0,0,0,0,0,0,0,0,0,0,0,18,105,227,253,253,122,0,0,0,0,0,0,0,0,0,0,0,0,0,0,0,0,0,0,0,0,0,57,199,253,252,252,252,252,159,0,0,0,0,0,0,0,0,0,0,0,0,0,0,0,0,0,0,0,20,211,252,232,152,73,167,252,215,6,0,0,0,0,0,0,0,0,0,0,0,0,0,0,0,0,0,0,197,252,182,0,0,0,37,235,243,47,0,0,0,0,0,0,0,0,0,0,0,0,0,0,0,0,0,0,188,252,103,0,0,0,37,235,229,27,0,0,0,0,0,0,0,0,0,0,0,0,0,0,0,0,0,0,189,253,86,8,43,139,190,211,45,0,0,0,0,0,0,0,0,0,0,0,0,0,0,0,0,0,0,0,232,252,200,201,252,252,84,0,0,0,0,0,0,0,0,0,0,0,0,0,0,0,0,0,0,0,0,0,213,245,252,253,252,242,42,0,0,0,0,0,0,0,0,0,0,0,0,0,0,0,0,0,0,0,0,0,0,56,84,253,252,160,0,0,0,0,0,0,0,0,0,0,0,0,0,0,0,0,0,0,0,0,0,0,0,0,45,253,252,38,0,0,0,0,0,0,0,0,0,0,0,0,0,0,0,0,0,0,0,0,0,0,0,0,89,255,253,38,0,0,0,0,0,0,0,0,0,0,0,0,0,0,0,0,0,0,0,0,0,0,0,0,80,253,189,32,0,0,0,0,0,0,0,0,0,0,0,0,0,0,0,0,0,0,0,0,0,0,0,41,179,232,84,0,0,0,0,0,0,0,0,0,0,0,0,0,0,0,0,0,0,0,0,0,0,0,15,225,252,115,0,0,0,0,0,0,0,0,0,0,0,0,0,0,0,0,0,0,0,0,0,0,0,0,153,252,164,0,0,0,0,0,0,0,0,0,0,0,0,0,0,0,0,0,0,0,0,0,0,0,0,68,245,243,79,0,0,0,0,0,0,0,0,0,0,0,0,0,0,0,0,0,0,0,0,0,0,0,32,237,245,82,0,0,0,0,0,0,0,0,0,0,0,0,0,0,0,0,0,0,0,0,0,0,0,9,148,252,169,0,0,0,0,0,0,0,0,0,0,0,0,0,0,0,0,0,0,0,0,0,0,0,0,106,253,196,7,0,0,0,0,0,0,0,0,0,0,0,0,0,0,0,0,0,0,0,0,0,0,0,54,228,129,28,0,0,0,0,0,0,0,0,0,0,0,0,0,0,0,0,0,0,0,0,0,0,0,0,0,0,0,0,0,0,0,0,0,0,0,0,0,0,0,0,0,0,0,0,0
4,0,0,0,0,0,0,0,0,0,0,0,0,0,0,0,0,0,0,0,0,0,0,0,0,0,0,0,0,0,0,0,0,0,0,0,0,0,0,0,0,0,0,0,0,0,0,0,0,0,0,0,0,0,0,0,0,0,0,0,0,0,0,0,0,0,0,0,0,0,0,0,0,0,0,0,0,0,0,0,0,0,0,0,0,0,0,0,0,0,0,0,0,0,0,0,0,0,0,0,0,0,0,0,0,0,0,0,0,0,0,0,0,0,0,0,0,0,0,0,0,0,0,0,0,0,0,0,0,0,38,190,25,0,0,0,0,0,0,0,0,0,0,0,13,25,10,0,0,0,0,0,0,0,0,0,0,0,112,252,125,4,0,0,0,0,0,0,0,0,0,0,132,252,113,0,0,0,0,0,0,0,0,0,0,0,61,252,252,36,0,0,0,0,0,0,0,0,0,0,132,252,240,79,0,0,0,0,0,0,0,0,0,0,84,252,252,36,0,0,0,0,0,0,0,0,0,0,132,252,252,238,52,0,0,0,0,0,0,0,0,12,198,252,252,122,0,0,0,0,0,0,0,0,0,0,99,252,252,252,181,17,0,0,0,0,0,0,0,49,252,252,252,122,0,0,0,0,0,0,0,0,0,0,3,125,252,252,252,100,0,0,0,0,0,0,0,26,218,252,252,36,0,0,0,0,0,0,0,0,0,0,0,15,216,252,252,207,19,0,0,0,0,0,0,49,252,252,252,36,0,0,0,0,0,0,0,0,0,0,0,0,157,252,252,252,48,0,0,0,6,109,109,194,252,252,252,36,0,0,0,0,0,0,0,0,0,0,0,0,100,252,252,252,105,0,58,116,128,252,252,252,252,252,212,19,0,0,0,0,0,0,0,0,0,0,0,0,0,164,253,253,253,253,253,253,255,253,253,253,253,253,253,99,0,0,0,0,0,0,0,0,0,0,0,0,0,49,252,252,252,252,252,252,253,252,252,252,252,252,252,155,0,0,0,0,0,0,0,0,0,0,0,0,0,49,252,252,252,252,252,252,217,216,141,126,252,252,252,155,0,0,0,0,0,0,0,0,0,0,0,0,0,49,252,252,252,234,204,89,0,0,0,49,252,252,252,155,0,0,0,0,0,0,0,0,0,0,0,0,0,14,158,192,151,45,0,0,0,0,0,49,252,252,252,225,17,0,0,0,0,0,0,0,0,0,0,0,0,0,0,0,0,0,0,0,0,0,0,49,252,252,252,252,23,0,0,0,0,0,0,0,0,0,0,0,0,0,0,0,0,0,0,0,0,0,0,33,228,252,252,252,157,4,0,0,0,0,0,0,0,0,0,0,0,0,0,0,0,0,0,0,0,0,0,0,55,229,252,252,252,11,0,0,0,0,0,0,0,0,0,0,0,0,0,0,0,0,0,0,0,0,0,0,0,53,232,252,252,63,0,0,0,0,0,0,0,0,0,0,0,0,0,0,0,0,0,0,0,0,0,0,0,0,90,206,131,11,0,0,0,0,0,0,0,0,0,0,0,0,0,0,0,0,0,0,0,0,0,0,0,0,0,0,0,0,0,0,0,0,0,0,0,0,0,0,0,0,0,0,0,0,0,0,0,0,0,0,0,0,0,0,0,0,0,0,0,0,0,0,0,0,0,0,0,0,0,0,0,0,0,0,0,0,0,0,0,0,0,0,0,0,0,0,0,0,0,0,0,0,0,0,0,0,0,0,0,0,0,0,0,0,0,0,0,0,0,0,0,0,0,0,0,0,0
0,0,0,0,0,0,0,0,0,0,0,0,0,0,0,0,0,0,0,0,0,0,0,0,0,0,0,0,0,0,0,0,0,0,0,0,0,0,0,0,0,0,0,0,0,0,0,0,0,0,0,0,0,0,0,0,0,0,0,0,0,0,0,0,0,0,0,0,0,0,0,0,0,0,0,0,0,0,0,0,0,0,0,0,0,0,0,0,0,0,0,0,0,0,0,0,0,0,0,0,0,0,0,0,0,0,0,0,0,0,0,0,0,0,0,0,0,0,0,0,0,0,0,0,0,0,0,0,0,0,64,253,255,63,0,0,0,0,0,0,0,0,0,0,0,0,0,0,0,0,0,0,0,0,0,0,0,96,205,251,253,205,111,4,0,0,0,0,0,0,0,0,0,0,0,0,0,0,0,0,0,0,0,0,96,189,251,251,253,251,251,31,0,0,0,0,0,0,0,0,0,0,0,0,0,0,0,0,0,16,64,223,244,251,251,211,213,251,251,31,0,0,0,0,0,0,0,0,0,0,0,0,0,0,0,0,80,181,251,253,251,251,251,94,96,251,251,31,0,0,0,0,0,0,0,0,0,0,0,0,0,0,0,92,253,253,253,255,253,253,253,95,96,253,253,31,0,0,0,0,0,0,0,0,0,0,0,0,0,0,92,236,251,243,220,233,251,251,243,82,96,251,251,31,0,0,0,0,0,0,0,0,0,0,0,0,0,80,253,251,251,188,0,96,251,251,109,0,96,251,251,31,0,0,0,0,0,0,0,0,0,0,0,0,96,240,253,243,188,42,0,96,204,109,4,0,12,197,251,31,0,0,0,0,0,0,0,0,0,0,0,0,221,251,253,121,0,0,0,36,23,0,0,0,0,190,251,31,0,0,0,0,0,0,0,0,0,0,0,48,234,253,0,0,0,0,0,0,0,0,0,0,0,191,253,31,0,0,0,0,0,0,0,0,0,0,44,221,251,251,0,0,0,0,0,0,0,0,0,0,12,197,251,31,0,0,0,0,0,0,0,0,0,0,190,251,251,251,0,0,0,0,0,0,0,0,0,0,96,251,251,31,0,0,0,0,0,0,0,0,0,0,190,251,251,113,0,0,0,0,0,0,0,0,0,40,234,251,219,23,0,0,0,0,0,0,0,0,0,0,190,251,251,94,0,0,0,0,0,0,0,0,40,217,253,231,47,0,0,0,0,0,0,0,0,0,0,0,191,253,253,253,0,0,0,0,0,0,12,174,253,253,219,39,0,0,0,0,0,0,0,0,0,0,0,0,67,236,251,251,191,190,111,72,190,191,197,251,243,121,39,0,0,0,0,0,0,0,0,0,0,0,0,0,0,63,236,251,253,251,251,251,251,253,251,188,94,0,0,0,0,0,0,0,0,0,0,0,0,0,0,0,0,0,27,129,253,251,251,251,251,229,168,15,0,0,0,0,0,0,0,0,0,0,0,0,0,0,0,0,0,0,0,0,95,212,251,211,94,59,0,0,0,0,0,0,0,0,0,0,0,0,0,0,0,0,0,0,0,0,0,0,0,0,0,0,0,0,0,0,0,0,0,0,0,0,0,0,0,0,0,0,0,0,0,0,0,0,0,0,0,0,0,0,0,0,0,0,0,0,0,0,0,0,0,0,0,0,0,0,0,0,0,0,0,0,0,0,0,0,0,0,0,0,0,0,0,0,0,0,0,0,0,0,0,0,0,0,0,0,0,0,0,0,0,0,0,0,0,0,0,0,0,0,0,0,0,0,0,0,0,0,0,0,0
9,0,0,0,0,0,0,0,0,0,0,0,0,0,0,0,0,0,0,0,0,0,0,0,0,0,0,0,0,0,0,0,0,0,0,0,0,0,0,0,0,0,0,0,0,0,0,0,0,0,0,0,0,0,0,0,0,0,0,0,0,0,0,0,0,0,0,0,0,0,0,0,0,0,0,0,0,0,0,0,0,0,0,0,0,0,0,0,0,0,0,0,0,0,0,0,0,0,0,0,0,0,0,0,0,0,0,0,0,0,0,0,0,0,0,0,0,0,0,0,0,0,0,0,0,0,0,0,0,0,0,0,0,0,0,0,0,0,0,0,0,0,0,0,0,0,0,0,0,0,0,0,0,0,0,0,0,0,0,0,0,0,0,0,0,0,0,0,0,0,0,0,0,0,0,0,0,0,0,0,0,0,0,0,31,144,250,254,166,0,0,0,0,0,0,0,0,0,0,0,0,0,0,0,0,0,0,0,0,0,0,98,241,204,97,126,253,40,0,0,0,0,0,0,0,0,0,0,0,0,0,0,0,0,0,0,0,6,121,247,133,16,0,50,253,27,0,0,0,0,0,0,0,0,0,0,0,0,0,0,0,0,0,0,0,103,253,109,0,0,0,120,231,0,0,0,0,0,0,0,0,0,0,0,0,0,0,0,0,0,0,0,18,234,169,4,0,0,31,220,231,0,0,0,0,0,0,0,0,0,0,0,0,0,0,0,0,0,0,4,215,212,18,0,0,0,195,254,139,0,0,0,0,0,0,0,0,0,0,0,0,0,0,0,0,0,0,88,253,63,0,0,0,90,251,242,23,0,0,0,0,0,0,0,0,0,0,0,0,0,0,0,0,0,0,183,214,5,0,0,24,233,253,133,0,0,0,0,0,0,0,0,0,0,0,0,0,0,0,0,0,0,0,254,124,0,0,14,197,253,149,14,0,0,0,0,0,0,0,0,0,0,0,0,0,0,0,0,0,0,67,254,45,0,71,224,254,218,15,0,0,0,0,0,0,0,0,0,0,0,0,0,0,0,0,0,0,0,45,246,214,227,248,241,255,111,0,0,0,0,0,0,0,0,0,0,0,0,0,0,0,0,0,0,0,0,0,94,193,167,78,226,189,8,0,0,0,0,0,0,0,0,0,0,0,0,0,0,0,0,0,0,0,0,0,0,0,1,145,249,53,0,0,0,0,0,0,0,0,0,0,0,0,0,0,0,0,0,0,0,0,0,0,0,0,64,253,130,0,0,0,0,0,0,0,0,0,0,0,0,0,0,0,0,0,0,0,0,0,0,0,0,0,230,227,12,0,0,0,0,0,0,0,0,0,0,0,0,0,0,0,0,0,0,0,0,0,0,0,0,52,250,104,0,0,0,0,0,0,0,0,0,0,0,0,0,0,0,0,0,0,0,0,0,0,0,0,8,206,223,11,0,0,0,0,0,0,0,0,0,0,0,0,0,0,0,0,0,0,0,0,0,0,0,0,105,253,45,0,0,0,0,0,0,0,0,0,0,0,0,0,0,0,0,0,0,0,0,0,0,0,0,0,214,207,4,0,0,0,0,0,0,0,0,0,0,0,0,0,0,0,0,0,0,0,0,0,0,0,0,0,232,106,0,0,0,0,0,0,0,0,0,0,0,0,0,0,0,0,0,0,0,0,0,0,0,0,0,0,0,0,0,0,0,0,0,0,0,0,0,0,0,0,0,0,0,0,0,0,0,0,0,0,0,0,0,0,0,0,0,0,0,0,0,0,0,0,0,0,0,0,0,0,0,0
1,0,0,0,0,0,0,0,0,0,0,0,0,0,0,0,0,0,0,0,0,0,0,0,0,0,0,0,0,0,0,0,0,0,0,0,0,0,0,0,0,0,0,0,0,0,0,0,0,0,0,0,0,0,0,0,0,0,0,0,0,0,0,0,0,0,0,0,0,0,0,0,0,0,0,0,0,0,0,0,0,0,0,0,0,0,0,0,0,0,0,0,0,0,0,0,0,0,0,0,0,0,0,0,0,0,0,0,0,0,0,0,0,0,0,0,0,0,0,0,0,0,0,0,0,0,0,0,0,0,0,0,0,0,0,0,0,0,0,0,0,0,0,0,0,0,0,0,0,0,0,0,0,0,0,0,0,0,0,121,254,136,0,0,0,0,0,0,0,0,0,0,0,0,0,0,0,0,0,0,0,0,0,0,0,0,13,230,253,248,99,0,0,0,0,0,0,0,0,0,0,0,0,0,0,0,0,0,0,0,0,0,0,4,118,253,253,225,42,0,0,0,0,0,0,0,0,0,0,0,0,0,0,0,0,0,0,0,0,0,0,61,253,253,253,74,0,0,0,0,0,0,0,0,0,0,0,0,0,0,0,0,0,0,0,0,0,0,32,206,253,253,186,9,0,0,0,0,0,0,0,0,0,0,0,0,0,0,0,0,0,0,0,0,0,0,211,253,253,239,69,0,0,0,0,0,0,0,0,0,0,0,0,0,0,0,0,0,0,0,0,0,0,0,254,253,253,133,0,0,0,0,0,0,0,0,0,0,0,0,0,0,0,0,0,0,0,0,0,0,0,142,255,253,186,8,0,0,0,0,0,0,0,0,0,0,0,0,0,0,0,0,0,0,0,0,0,0,149,229,254,207,21,0,0,0,0,0,0,0,0,0,0,0,0,0,0,0,0,0,0,0,0,0,0,54,229,253,254,105,0,0,0,0,0,0,0,0,0,0,0,0,0,0,0,0,0,0,0,0,0,0,0,152,254,254,213,26,0,0,0,0,0,0,0,0,0,0,0,0,0,0,0,0,0,0,0,0,0,0,112,251,253,253,26,0,0,0,0,0,0,0,0,0,0,0,0,0,0,0,0,0,0,0,0,0,0,29,212,253,250,149,0,0,0,0,0,0,0,0,0,0,0,0,0,0,0,0,0,0,0,0,0,0,36,214,253,253,137,0,0,0,0,0,0,0,0,0,0,0,0,0,0,0,0,0,0,0,0,0,0,0,75,253,253,253,59,0,0,0,0,0,0,0,0,0,0,0,0,0,0,0,0,0,0,0,0,0,0,0,93,253,253,189,17,0,0,0,0,0,0,0,0,0,0,0,0,0,0,0,0,0,0,0,0,0,0,0,224,253,253,84,0,0,0,0,0,0,0,0,0,0,0,0,0,0,0,0,0,0,0,0,0,0,0,43,235,253,126,1,0,0,0,0,0,0,0,0,0,0,0,0,0,0,0,0,0,0,0,0,0,0,0,99,248,253,119,0,0,0,0,0,0,0,0,0,0,0,0,0,0,0,0,0,0,0,0,0,0,0,0,0,225,235,49,0,0,0,0,0,0,0,0,0,0,0,0,0,0,0,0,0,0,0,0,0,0,0,0,0,0,0,0,0,0,0,0,0,0,0,0,0,0,0,0,0,0,0,0,0,0,0,0,0,0,0,0,0,0,0,0,0,0,0,0,0,0,0,0,0,0,0,0,0,0,0,0,0,0,0,0,0,0,0,0,0,0,0,0,0,0,0,0,0,0,0,0,0,0,0,0,0,0,0,0
1,0,0,0,0,0,0,0,0,0,0,0,0,0,0,0,0,0,0,0,0,0,0,0,0,0,0,0,0,0,0,0,0,0,0,0,0,0,0,0,0,0,0,0,0,0,0,0,0,0,0,0,0,0,0,0,0,0,0,0,0,0,0,0,0,0,0,0,0,0,0,0,0,0,0,0,0,0,0,0,0,0,0,0,0,0,0,0,0,0,0,0,0,0,0,0,0,0,0,0,166,222,55,0,0,0,0,0,0,0,0,0,0,0,0,0,0,0,0,0,0,0,0,0,0,0,0,0,197,254,218,5,0,0,0,0,0,0,0,0,0,0,0,0,0,0,0,0,0,0,0,0,0,0,0,29,249,254,254,9,0,0,0,0,0,0,0,0,0,0,0,0,0,0,0,0,0,0,0,0,0,0,0,45,254,254,174,2,0,0,0,0,0,0,0,0,0,0,0,0,0,0,0,0,0,0,0,0,0,0,4,164,254,254,85,0,0,0,0,0,0,0,0,0,0,0,0,0,0,0,0,0,0,0,0,0,0,0,146,254,254,254,85,0,0,0,0,0,0,0,0,0,0,0,0,0,0,0,0,0,0,0,0,0,0,101,245,254,254,254,85,0,0,0,0,0,0,0,0,0,0,0,0,0,0,0,0,0,0,0,0,0,97,248,254,204,254,254,85,0,0,0,0,0,0,0,0,0,0,0,0,0,0,0,0,12,59,98,151,237,254,254,109,35,254,254,85,0,0,0,0,0,0,0,0,0,0,0,0,0,0,0,0,41,216,254,254,239,153,37,4,32,254,254,85,0,0,0,0,0,0,0,0,0,0,0,0,0,0,0,0,0,7,44,44,30,0,0,0,32,254,254,96,0,0,0,0,0,0,0,0,0,0,0,0,0,0,0,0,0,0,0,0,0,0,0,0,19,230,254,174,0,0,0,0,0,0,0,0,0,0,0,0,0,0,0,0,0,0,0,0,0,0,0,0,0,197,254,110,0,0,0,0,0,0,0,0,0,0,0,0,0,0,0,0,0,0,0,0,0,0,0,0,0,197,254,85,0,0,0,0,0,0,0,0,0,0,0,0,0,0,0,0,0,0,0,0,0,0,0,0,0,197,253,63,0,0,0,0,0,0,0,0,0,0,0,0,0,0,0,0,0,0,0,0,37,54,54,45,26,84,221,84,21,31,162,78,0,0,0,0,0,0,0,0,0,0,0,0,0,6,41,141,244,254,254,248,236,254,254,254,233,239,254,138,0,0,0,0,0,0,0,0,0,0,0,0,23,167,254,254,254,254,229,228,185,138,138,138,138,138,138,44,0,0,0,0,0,0,0,0,0,0,0,0,113,254,254,254,179,64,5,0,0,0,0,0,0,0,0,0,0,0,0,0,0,0,0,0,0,0,0,0,32,209,183,97,0,0,0,0,0,0,0,0,0,0,0,0,0,0,0,0,0,0,0,0,0,0,0,0,0,0,0,0,0,0,0,0,0,0,0,0,0,0,0,0,0,0,0,0,0,0,0,0,0,0,0,0,0,0,0,0,0,0,0,0,0,0,0,0,0,0,0,0,0,0,0,0,0,0,0,0,0,0,0,0,0,0,0,0,0,0,0,0,0,0,0,0,0,0,0,0,0,0,0,0,0,0,0,0,0,0,0,0,0,0,0,0,0,0,0,0,0,0,0,0,0,0,0,0,0,0,0,0,0,0,0,0,0,0,0,0,0,0,0,0,0,0,0,0,0,0,0,0,0,0,0,0,0,0,0,0,0,0
2,0,0,0,0,0,0,0,0,0,0,0,0,0,0,0,0,0,0,0,0,0,0,0,0,0,0,0,0,0,0,0,0,0,0,0,0,0,0,0,0,0,0,0,0,0,0,0,0,0,0,0,0,0,0,0,0,0,0,0,0,0,0,0,0,0,0,0,0,0,0,0,0,0,0,0,0,0,0,0,0,0,0,0,0,0,0,0,0,0,0,0,0,0,0,0,0,0,0,0,0,0,0,0,0,0,0,0,0,0,0,0,0,0,0,0,0,0,0,0,0,0,0,0,0,83,91,143,255,190,91,50,0,0,0,0,0,0,0,0,0,0,0,0,0,0,0,0,0,0,9,49,180,246,253,253,253,253,253,220,154,17,3,0,0,0,0,0,0,0,0,0,0,0,0,0,46,107,178,253,253,253,253,253,253,253,253,253,253,253,126,45,0,0,0,0,0,0,0,0,0,0,0,0,107,253,253,253,253,223,220,220,220,220,245,253,253,253,253,106,0,0,0,0,0,0,0,0,0,0,0,0,107,173,253,229,129,12,0,0,0,0,110,253,253,253,253,106,0,0,0,0,0,0,0,0,0,0,0,0,17,14,40,32,0,0,0,0,0,0,57,253,253,253,242,85,0,0,0,0,0,0,0,0,0,0,0,0,0,0,0,0,0,0,0,0,5,139,224,253,253,253,105,0,0,0,0,0,0,0,0,0,0,0,0,0,0,0,0,0,0,0,0,65,178,253,253,253,253,219,24,0,0,0,0,0,0,0,0,0,0,0,0,0,0,0,0,0,0,0,97,250,253,253,253,253,127,47,0,0,0,0,0,0,0,0,0,0,0,0,0,0,0,0,0,0,46,125,250,253,253,253,245,171,33,0,0,0,0,0,0,0,0,0,0,0,0,0,0,0,0,0,5,41,217,253,253,250,245,245,115,0,0,0,0,0,0,0,0,0,0,0,0,0,0,0,0,0,0,0,124,253,253,253,192,105,0,0,0,0,0,0,0,0,0,0,0,0,0,0,0,0,0,0,0,0,11,47,220,253,253,188,25,0,0,0,0,0,0,0,0,0,0,0,0,0,0,0,0,0,0,0,0,0,107,253,253,253,189,13,0,0,0,0,0,0,0,0,0,0,0,0,0,0,0,0,0,0,0,0,0,41,225,253,253,186,22,0,0,0,0,0,31,42,174,205,205,205,193,58,0,0,0,0,0,0,0,0,48,218,253,253,253,150,59,0,0,128,131,131,222,253,253,253,253,253,94,0,0,0,0,0,0,0,0,0,12,152,253,253,253,253,236,222,222,252,253,253,253,253,253,253,253,253,122,0,0,0,0,0,0,0,0,0,0,7,167,253,253,253,253,253,253,253,253,253,253,253,253,253,124,106,7,0,0,0,0,0,0,0,0,0,0,0,76,188,253,253,253,253,253,253,253,224,57,15,15,15,2,0,0,0,0,0,0,0,0,0,0,0,0,0,0,12,89,121,253,253,151,89,89,55,0,0,0,0,0,0,0,0,0,0,0,0,0,0,0,0,0,0,0,0,0,0,0,0,0,0,0,0,0,0,0,0,0,0,0,0,0,0,0,0,0,0,0,0,0,0,0,0,0,0,0,0,0,0,0,0,0,0,0,0,0,0,0,0,0,0,0,0,0,0,0,0,0,0,0,0,0,0,0,0,0,0,0,0,0,0,0,0,0,0,0,0,0,0,0,0,0,0,0,0,0,0,0,0,0,0,0,0,0,0,0,0,0,0,0,0,0,0,0,0,0,0,0
4,0,0,0,0,0,0,0,0,0,0,0,0,0,0,0,0,0,0,0,0,0,0,0,0,0,0,0,0,0,0,0,0,0,0,0,0,0,0,0,0,0,0,0,0,0,0,0,0,0,0,0,0,0,0,0,0,0,0,0,0,0,0,0,0,0,0,0,0,0,0,0,0,0,0,0,0,0,0,0,0,0,0,0,0,0,0,0,0,0,0,0,0,0,0,0,0,0,0,0,0,0,0,0,0,0,0,0,0,0,0,0,0,0,0,0,0,0,0,0,0,0,0,0,0,0,0,0,0,0,0,0,0,0,0,0,0,0,0,0,0,0,0,0,0,0,0,0,0,0,0,0,0,0,0,0,0,0,0,0,0,0,0,0,0,0,0,0,0,0,0,0,0,0,0,0,0,0,0,0,0,0,0,0,0,0,30,229,44,0,0,0,0,0,0,0,0,0,0,0,0,0,0,0,0,0,0,38,30,0,0,0,0,0,181,223,31,0,0,0,0,0,0,0,0,0,0,0,0,0,0,0,0,0,81,242,113,0,0,0,0,57,249,129,0,0,0,0,0,0,0,0,0,0,0,0,0,0,0,0,0,0,172,162,0,0,0,0,0,136,253,46,0,0,0,0,0,0,0,0,0,0,0,0,0,0,0,0,0,0,231,138,0,0,0,0,0,162,254,46,0,0,0,0,0,0,0,0,0,0,0,0,0,0,0,0,0,26,239,137,0,0,0,0,0,245,244,38,0,0,0,0,0,0,0,0,0,0,0,0,0,0,0,0,0,0,222,148,7,0,0,0,0,254,206,3,7,0,0,0,0,0,0,0,0,0,0,0,0,0,0,0,0,0,138,253,169,34,0,0,0,254,240,191,69,0,0,0,0,0,0,0,0,0,0,0,0,0,0,0,0,0,17,174,254,255,169,161,195,255,254,113,0,0,0,0,0,0,0,0,0,0,0,0,0,0,0,0,0,0,0,3,90,173,206,206,223,254,77,4,0,0,0,0,0,0,0,0,0,0,0,0,0,0,0,0,0,0,0,0,0,0,0,0,93,254,23,0,0,0,0,0,0,0,0,0,0,0,0,0,0,0,0,0,0,0,0,0,0,0,0,0,127,254,23,0,0,0,0,0,0,0,0,0,0,0,0,0,0,0,0,0,0,0,0,0,0,0,0,7,204,210,9,0,0,0,0,0,0,0,0,0,0,0,0,0,0,0,0,0,0,0,0,0,0,0,0,24,253,134,0,0,0,0,0,0,0,0,0,0,0,0,0,0,0,0,0,0,0,0,0,0,0,0,0,99,253,51,0,0,0,0,0,0,0,0,0,0,0,0,0,0,0,0,0,0,0,0,0,0,0,0,0,149,253,0,0,0,0,0,0,0,0,0,0,0,0,0,0,0,0,0,0,0,0,0,0,0,0,0,47,254,195,0,0,0,0,0,0,0,0,0,0,0,0,0,0,0,0,0,0,0,0,0,0,0,0,0,64,253,143,0,0,0,0,0,0,0,0,0,0,0,0,0,0,0,0,0,0,0,0,0,0,0,0,0,138,234,13,0,0,0,0,0,0,0,0,0,0,0,0,0,0,0,0,0,0,0,0,0,0,0,0,0,138,196,0,0,0,0,0,0,0,0,0,0,0,0,0,0,0,0,0,0,0,0,0,0,0,0,0,0,0,0,0,0,0,0,0,0,0,0,0,0,0,0,0,0,0,0,0,0,0,0,0,0,0,0,0,0,0,0,0,0,0,0,0,0,0,0,0,0,0,0,0
3,0,0,0,0,0,0,0,0,0,0,0,0,0,0,0,0,0,0,0,0,0,0,0,0,0,0,0,0,0,0,0,0,0,0,0,0,0,0,0,0,0,0,0,0,0,0,0,0,0,0,0,0,0,0,0,0,0,0,0,0,0,0,0,0,0,0,0,0,0,0,0,0,0,0,0,0,0,0,0,0,0,0,0,0,0,0,0,0,0,0,0,0,0,0,0,0,0,0,0,0,0,0,0,0,0,0,0,0,0,0,0,0,0,0,0,0,0,0,0,0,0,0,0,0,0,0,0,0,0,0,0,0,0,0,0,0,0,0,0,0,0,0,0,0,0,0,0,0,0,0,9,80,207,255,254,254,254,97,80,80,44,0,0,0,0,0,0,0,0,0,0,0,0,0,39,158,158,158,168,253,253,253,253,253,253,253,253,253,210,38,0,0,0,0,0,0,0,0,0,0,0,0,226,253,253,253,253,253,253,253,253,253,253,253,253,253,253,241,146,0,0,0,0,0,0,0,0,0,0,0,139,253,253,253,238,113,215,253,253,253,253,253,253,253,253,253,210,43,0,0,0,0,0,0,0,0,0,0,39,34,34,34,30,0,31,148,34,204,235,253,253,253,253,253,236,64,0,0,0,0,0,0,0,0,0,0,91,0,0,0,0,0,0,0,0,35,199,253,253,253,253,244,81,0,0,0,0,0,0,0,0,0,0,0,0,0,0,0,0,11,33,202,202,216,253,253,253,253,241,89,0,0,0,0,0,0,0,0,0,0,0,0,0,0,0,0,11,167,253,253,253,253,253,253,253,238,82,0,0,0,0,0,0,0,0,0,0,0,0,0,0,0,0,0,27,253,253,253,253,253,253,253,253,96,0,0,0,0,0,0,0,0,0,0,0,0,0,0,0,0,0,0,18,201,253,253,253,253,253,253,253,230,49,0,0,0,0,0,0,0,0,0,0,0,0,0,0,0,0,0,0,36,87,87,87,248,253,253,253,253,138,0,0,0,0,0,0,0,0,0,0,0,0,0,0,0,0,0,0,0,0,0,0,7,152,253,253,253,250,59,0,0,0,0,0,0,0,0,0,0,0,0,0,0,0,0,0,0,0,0,0,0,62,238,253,253,253,60,0,0,0,0,0,0,0,0,0,0,0,0,0,0,0,0,0,0,0,0,0,0,32,233,253,253,150,6,0,0,0,0,0,0,0,0,0,0,0,0,0,0,0,0,0,0,0,0,0,37,203,253,253,253,138,0,0,0,0,0,0,0,0,0,0,0,66,211,211,211,59,36,36,21,26,36,151,222,253,253,253,253,138,0,0,0,0,0,0,0,0,0,0,0,80,253,253,253,253,253,253,195,215,253,253,253,253,253,253,157,77,0,0,0,0,0,0,0,0,0,0,0,80,253,253,253,253,253,253,253,253,253,253,253,253,237,235,40,0,0,0,0,0,0,0,0,0,0,0,0,49,156,247,253,253,253,253,253,253,253,253,159,156,16,0,0,0,0,0,0,0,0,0,0,0,0,0,0,0,0,116,253,253,253,253,253,126,78,78,3,0,0,0,0,0,0,0,0,0,0,0,0,0,0,0,0,0,0,0,0,0,0,0,0,0,0,0,0,0,0,0,0,0,0,0,0,0,0,0,0,0,0,0,0,0,0,0,0,0,0,0,0,0,0,0,0,0,0,0,0,0,0,0,0,0,0,0,0,0,0,0,0,0,0,0,0,0,0,0,0,0,0,0,0,0,0,0,0,0,0,0,0,0,0,0,0
2,0,0,0,0,0,0,0,0,0,0,0,0,0,0,0,0,0,0,0,0,0,0,0,0,0,0,0,0,0,0,0,0,0,0,0,0,0,0,0,0,0,0,0,0,0,0,0,0,0,0,0,0,0,0,0,0,0,0,0,0,0,0,0,0,0,0,0,0,0,0,0,0,0,0,0,0,0,0,0,0,0,0,0,0,0,0,0,0,0,0,0,0,0,0,0,0,0,0,0,0,0,0,0,0,0,0,0,0,0,0,0,0,0,0,0,0,0,0,0,0,0,0,0,0,0,0,0,0,0,0,0,0,0,0,0,0,0,0,0,0,0,0,0,0,0,80,189,254,255,254,254,254,174,101,31,50,12,0,0,0,0,0,0,0,0,0,0,0,0,0,0,0,80,242,253,253,253,253,253,253,253,253,216,226,206,200,200,58,0,0,0,0,0,0,0,0,0,0,0,0,101,253,253,253,253,253,253,253,253,253,253,253,253,253,253,227,53,0,0,0,0,0,0,0,0,0,0,0,251,253,253,253,253,253,253,253,253,253,253,253,253,253,253,253,249,181,17,0,0,0,0,0,0,0,0,0,122,214,214,158,61,61,113,214,214,250,253,253,253,253,253,253,253,253,45,0,0,0,0,0,0,0,0,0,0,0,0,0,0,0,0,0,0,105,115,115,237,253,253,253,253,253,129,0,0,0,0,0,0,0,0,0,0,0,0,0,0,0,0,0,0,0,0,0,13,24,168,241,253,253,199,0,0,0,0,0,0,0,0,0,0,0,0,0,0,0,0,0,0,0,0,0,0,2,102,243,253,253,87,0,0,0,0,0,0,0,0,0,0,0,0,0,0,0,0,0,0,0,0,0,0,16,253,253,253,197,22,0,0,0,0,0,0,0,0,0,0,0,0,0,0,0,0,0,0,0,0,0,22,182,253,253,251,101,0,0,0,0,0,0,0,0,0,0,0,0,0,0,0,0,0,0,0,0,3,99,198,253,253,247,129,0,0,0,0,0,0,0,0,0,0,0,0,0,0,0,0,0,0,0,0,0,99,253,253,253,253,191,0,0,0,0,0,0,0,0,0,0,0,0,0,0,0,0,0,0,0,0,117,224,244,253,253,239,30,23,0,0,0,0,0,0,0,0,0,0,0,0,0,0,0,0,0,0,58,169,213,253,253,253,197,79,0,0,0,0,0,0,0,0,0,0,0,0,0,0,0,0,0,0,0,0,86,253,253,253,242,137,16,0,0,0,0,0,0,0,0,0,0,0,0,0,0,0,0,0,0,0,0,0,216,253,253,253,141,62,8,0,0,0,0,0,0,0,0,0,0,0,0,0,0,0,0,0,0,0,0,5,239,253,253,253,253,253,172,162,162,162,64,8,7,0,0,0,0,0,0,0,0,0,0,0,0,0,0,80,247,253,253,253,253,253,253,253,253,253,253,253,199,66,0,0,0,0,0,0,0,0,0,0,0,0,0,0,95,199,227,253,253,253,253,253,253,253,220,230,201,235,0,0,0,0,0,0,0,0,0,0,0,0,0,0,0,0,52,99,99,174,253,253,253,122,39,57,22,99,0,0,0,0,0,0,0,0,0,0,0,0,0,0,0,0,0,0,0,0,0,0,0,0,0,0,0,0,0,0,0,0,0,0,0,0,0,0,0,0,0,0,0,0,0,0,0,0,0,0,0,0,0,0,0,0,0,0,0,0,0,0,0,0,0,0,0,0,0,0,0,0,0,0,0,0,0,0,0,0,0,0,0,0,0,0,0,0
7,0,0,0,0,0,0,0,0,0,0,0,0,0,0,0,0,0,0,0,0,0,0,0,0,0,0,0,0,0,0,0,0,0,0,0,0,0,0,0,0,0,0,0,0,0,0,0,0,0,0,0,0,0,0,0,0,0,0,0,0,0,0,0,0,0,0,0,0,0,0,0,0,0,0,0,0,0,0,0,0,0,0,0,0,0,0,0,0,0,0,0,0,0,0,0,0,0,0,0,0,0,0,0,0,0,0,0,0,0,0,0,0,0,0,0,0,0,0,0,0,0,0,0,0,0,0,0,0,0,0,0,0,0,0,0,0,0,0,0,0,0,0,0,0,0,0,0,0,0,0,0,0,0,0,0,0,0,0,0,0,0,0,0,0,0,0,0,0,0,0,0,0,0,0,0,0,0,0,0,0,0,0,0,0,0,0,0,0,0,0,0,0,0,0,0,0,0,0,0,0,0,0,0,0,0,0,0,0,0,0,0,0,0,0,0,0,0,0,0,0,0,0,0,0,0,0,0,0,0,0,0,0,0,0,0,0,0,0,0,0,3,37,37,37,7,0,0,0,0,0,0,0,0,78,0,0,0,0,0,0,0,0,0,0,14,84,182,188,193,254,254,254,124,0,0,0,0,0,0,0,0,9,0,0,0,0,0,0,0,22,91,130,193,254,254,204,125,201,254,254,246,0,0,0,0,0,0,0,0,0,0,0,0,0,0,0,0,214,254,255,254,255,173,22,0,98,254,255,152,0,0,0,0,0,0,0,0,0,0,0,0,0,0,0,0,213,245,198,75,31,2,0,117,245,254,221,25,0,0,0,0,0,0,0,0,0,0,0,0,0,0,0,0,72,36,0,0,0,0,78,246,254,222,33,0,0,0,0,0,0,0,0,0,0,0,0,0,0,0,0,0,0,0,0,0,0,117,243,254,225,37,0,0,0,0,0,0,0,0,0,0,0,0,0,0,0,0,0,0,0,0,0,0,77,249,254,220,73,0,0,0,0,0,0,0,0,0,0,0,0,0,0,0,0,0,0,0,0,0,0,75,242,254,224,37,0,0,0,0,0,0,0,0,0,0,0,0,0,0,0,0,0,0,0,0,0,0,75,251,254,219,33,0,0,0,0,0,0,0,0,0,0,0,0,0,0,0,0,0,0,0,0,0,0,77,242,254,254,40,0,0,0,0,0,0,0,0,0,0,0,0,0,0,0,0,0,0,0,0,0,0,29,209,254,232,83,1,0,0,0,0,0,0,0,0,0,0,0,0,0,0,0,0,0,0,0,0,0,20,226,254,224,63,0,0,0,0,0,0,0,0,0,0,0,0,0,0,0,0,0,0,0,0,0,0,0,63,254,250,58,0,0,0,0,0,0,0,0,0,0,0,0,0,0,0,0,0,0,0,0,0,0,0,0,47,244,174,0,0,0,0,0,0,0,0,0,0,0,0,0,0,0,0,0,0,0,0,0,0,0,0,0,0,30,14,0,0,0,0,0,0,0,0,0,0,0,0,0,0,0,0,0,0,0,0,0,0,0,0,0,0,0,0,0,0,0,0,0,0,0,0,0,0,0,0,0,0,0,0,0,0,0,0,0,0,0,0,0,0,0,0,0,0,0,0,0,0,0,0,0,0,0,0,0,0,0,0,0,0,0,0,0,0,0,0,0,0,0,0,0,0,0,0,0,0,0,0,0,0,0,0,0,0,0,0,0,0,0,0,0,0,0,0,0,0,0,0,0,0,0,0,0,0,0,0,0,0,0,0,0,0,0,0,0
3,0,0,0,0,0,0,0,0,0,0,0,0,0,0,0,0,0,0,0,0,0,0,0,0,0,0,0,0,0,0,0,0,0,0,0,0,0,0,0,0,0,0,0,0,0,0,0,0,0,0,0,0,0,0,0,0,0,0,0,0,0,0,0,0,0,0,0,0,0,0,0,0,0,0,0,0,0,0,0,0,0,0,0,0,0,0,0,0,0,0,0,0,0,0,0,0,0,0,0,0,0,0,0,0,0,0,0,0,0,0,0,0,0,0,0,0,0,0,0,0,0,0,0,0,0,0,0,0,0,0,0,0,0,0,0,0,0,0,0,0,0,0,0,0,0,0,0,0,0,0,0,0,0,0,0,0,0,0,0,0,0,0,0,0,0,0,0,0,0,0,0,0,0,0,0,0,0,0,0,0,0,0,0,0,0,0,0,0,0,0,0,0,0,0,0,0,0,0,0,0,0,11,19,95,143,143,143,143,143,143,143,143,33,0,0,0,0,0,0,0,0,0,0,0,0,0,0,90,149,208,253,253,253,253,253,253,253,253,253,253,217,22,0,0,0,0,0,0,0,0,0,0,0,0,0,255,253,251,222,222,161,140,99,99,99,99,143,253,253,113,0,0,0,0,0,0,0,0,0,0,0,0,0,217,210,86,0,0,0,0,0,0,0,29,161,253,253,82,0,0,0,0,0,0,0,0,0,0,0,0,0,0,0,0,0,0,0,0,0,0,33,203,253,253,174,13,0,0,0,0,0,0,0,0,0,0,0,0,0,0,0,0,0,0,0,0,10,78,232,253,253,253,43,0,0,0,0,0,0,0,0,0,0,0,0,0,0,0,0,0,0,0,0,0,138,253,253,253,253,253,192,180,180,128,32,0,0,0,0,0,0,0,0,0,0,0,0,0,0,0,0,0,174,253,253,253,253,253,253,253,253,253,169,3,0,0,0,0,0,0,0,0,0,0,0,0,0,0,0,0,42,61,61,61,61,83,176,79,110,247,253,195,4,0,0,0,0,0,0,0,0,0,0,0,0,0,0,0,0,0,0,0,59,192,30,0,0,50,203,253,42,0,0,0,0,0,0,0,0,0,0,0,0,0,0,0,0,0,0,56,195,57,0,0,0,0,112,253,229,0,0,0,0,0,0,0,0,0,0,0,0,0,0,0,0,0,0,172,204,17,0,0,0,0,58,248,253,0,0,0,0,0,0,0,0,0,0,0,0,0,0,0,0,0,0,192,253,184,62,0,0,85,164,253,253,0,0,0,0,0,0,0,0,0,0,0,0,0,0,0,0,0,0,144,253,253,243,223,223,250,253,253,96,0,0,0,0,0,0,0,0,0,0,0,0,0,0,0,0,0,0,7,152,253,253,253,253,253,253,152,3,0,0,0,0,0,0,0,0,0,0,0,0,0,0,0,0,0,0,0,6,18,122,141,141,141,87,1,0,0,0,0,0,0,0,0,0,0,0,0,0,0,0,0,0,0,0,0,0,0,0,0,0,0,0,0,0,0,0,0,0,0,0,0,0,0,0,0,0,0,0,0,0,0,0,0,0,0,0,0,0,0,0,0,0,0,0,0,0,0,0,0,0,0,0,0,0,0,0,0,0,0,0,0,0,0,0,0,0,0,0,0,0,0,0,0,0,0,0,0,0,0,0,0,0,0,0,0,0,0,0,0,0,0,0,0,0,0,0,0,0,0,0,0,0,0,0,0,0,0,0,0,0,0,0,0,0,0,0,0,0,0,0,0,0,0,0,0,0,0,0,0,0,0
8,0,0,0,0,0,0,0,0,0,0,0,0,0,0,0,0,0,0,0,0,0,0,0,0,0,0,0,0,0,0,0,0,0,0,0,0,0,0,0,0,0,0,0,0,0,0,0,0,0,0,0,0,0,0,0,0,0,0,0,0,0,0,0,0,0,0,0,0,0,0,0,0,0,0,0,0,0,0,0,0,0,0,0,0,0,0,0,0,0,0,0,0,0,0,0,0,0,0,0,0,0,0,0,0,0,0,0,0,0,0,0,0,0,0,0,0,0,0,0,0,0,0,0,0,0,0,0,0,0,0,0,0,0,0,0,0,0,0,0,0,0,0,0,0,0,0,0,0,0,0,0,0,0,42,154,180,255,176,118,118,16,0,0,0,0,0,0,0,0,0,0,0,0,0,0,0,0,0,0,0,0,142,253,253,253,253,253,253,236,103,0,0,0,0,0,0,0,0,0,0,0,0,0,0,0,0,0,0,0,227,253,253,204,177,177,177,243,191,0,0,0,0,0,0,0,0,0,0,0,0,0,0,0,0,0,0,0,227,253,216,22,0,0,23,227,238,96,21,0,0,0,0,0,0,0,0,0,0,0,0,0,0,0,0,0,227,253,205,0,0,17,124,253,253,253,170,0,0,0,0,0,0,0,0,0,0,0,0,0,0,0,0,0,227,253,234,62,18,201,253,253,253,251,90,0,0,0,0,0,0,0,0,0,0,0,0,0,0,0,0,0,227,253,253,253,253,253,253,253,221,103,0,0,0,0,0,0,0,0,0,0,0,0,0,0,0,0,0,0,227,253,253,253,253,253,208,24,5,0,0,0,0,0,0,0,0,0,0,0,0,0,0,0,0,0,0,39,236,253,253,253,251,97,16,0,0,0,0,0,0,0,0,0,0,0,0,0,0,0,0,0,0,4,69,224,253,253,240,169,46,0,0,0,0,0,0,0,0,0,0,0,0,0,0,0,0,0,0,0,33,134,253,253,253,253,105,0,0,0,0,0,0,0,0,0,0,0,0,0,0,0,0,0,0,0,0,51,225,253,253,253,253,253,68,0,0,0,0,0,0,0,0,0,0,0,0,0,0,0,0,0,0,0,48,227,253,253,250,174,253,253,68,0,0,0,0,0,0,0,0,0,0,0,0,0,0,0,0,0,0,0,213,253,253,179,63,111,253,253,68,0,0,0,0,0,0,0,0,0,0,0,0,0,0,0,0,0,0,92,251,201,13,5,0,166,253,253,68,0,0,0,0,0,0,0,0,0,0,0,0,0,0,0,0,0,39,222,253,198,0,0,0,248,253,231,46,0,0,0,0,0,0,0,0,0,0,0,0,0,0,0,0,0,54,243,253,124,0,38,133,252,253,150,0,0,0,0,0,0,0,0,0,0,0,0,0,0,0,0,0,0,118,253,253,237,179,223,253,253,190,14,0,0,0,0,0,0,0,0,0,0,0,0,0,0,0,0,0,0,44,230,253,253,253,253,253,244,76,0,0,0,0,0,0,0,0,0,0,0,0,0,0,0,0,0,0,0,0,45,231,253,253,253,182,66,0,0,0,0,0,0,0,0,0,0,0,0,0,0,0,0,0,0,0,0,0,0,0,0,0,0,0,0,0,0,0,0,0,0,0,0,0,0,0,0,0,0,0,0,0,0,0,0,0,0,0,0,0,0,0,0,0,0,0,0,0,0,0,0,0,0,0,0,0,0,0,0,0,0,0,0,0,0,0,0,0,0,0,0,0,0,0,0,0,0,0,0,0,0,0,0,0,0,0
6,0,0,0,0,0,0,0,0,0,0,0,0,0,0,0,0,0,0,0,0,0,0,0,0,0,0,0,0,0,0,0,0,0,0,0,0,0,0,0,0,0,0,0,0,0,0,0,0,0,0,0,0,0,0,0,0,0,0,0,0,0,0,0,0,0,0,0,0,0,0,0,132,255,225,12,0,0,0,0,0,0,0,0,0,0,0,0,0,0,0,0,0,0,0,0,0,0,3,128,246,183,128,46,0,0,0,0,0,0,0,0,0,0,0,0,0,0,0,0,0,0,0,0,0,0,91,254,134,0,0,0,0,0,0,0,0,0,0,0,0,0,0,0,0,0,0,0,0,0,0,0,0,54,235,204,7,0,0,0,0,0,0,0,0,0,0,0,0,0,0,0,0,0,0,0,0,0,0,0,0,158,252,120,0,0,0,0,0,0,0,0,0,0,0,0,0,0,0,0,0,0,0,0,0,0,0,0,63,251,165,0,0,0,0,0,0,0,0,0,0,0,0,0,0,0,0,0,0,0,0,0,0,0,0,0,107,254,138,0,0,0,0,0,0,0,0,0,0,0,0,0,0,0,0,0,0,0,0,0,0,0,0,0,182,229,40,0,0,0,0,0,0,0,0,0,0,0,0,0,0,0,0,0,0,0,0,0,0,0,0,17,232,133,0,0,0,0,0,0,0,0,0,0,0,0,0,0,0,0,0,0,0,0,0,0,0,0,0,133,254,105,0,0,0,0,0,0,0,0,0,0,0,0,0,0,0,0,0,0,0,0,0,0,0,0,0,216,254,27,0,0,0,0,0,0,0,0,0,0,0,0,0,0,0,0,0,0,0,0,0,0,0,0,18,227,194,3,0,0,0,0,0,0,30,0,0,0,0,0,0,0,0,0,0,0,0,0,0,0,0,0,58,254,115,0,0,0,0,25,139,155,242,235,128,0,0,0,0,0,0,0,0,0,0,0,0,0,0,0,58,254,75,0,0,0,83,224,251,155,152,254,211,0,0,0,0,0,0,0,0,0,0,0,0,0,0,0,58,254,104,0,0,82,249,217,60,0,37,254,120,0,0,0,0,0,0,0,0,0,0,0,0,0,0,0,58,254,72,0,18,247,159,14,0,7,201,254,69,0,0,0,0,0,0,0,0,0,0,0,0,0,0,0,35,239,147,1,5,155,72,0,4,193,253,122,6,0,0,0,0,0,0,0,0,0,0,0,0,0,0,0,0,216,254,97,0,0,13,73,225,254,121,0,0,0,0,0,0,0,0,0,0,0,0,0,0,0,0,0,0,79,244,248,226,226,231,254,243,115,6,0,0,0,0,0,0,0,0,0,0,0,0,0,0,0,0,0,0,0,114,177,254,254,235,152,43,0,0,0,0,0,0,0,0,0,0,0,0,0,0,0,0,0,0,0,0,0,0,0,0,0,0,0,0,0,0,0,0,0,0,0,0,0,0,0,0,0,0,0,0,0,0,0,0,0,0,0,0,0,0,0,0,0,0,0,0,0,0,0,0,0,0,0,0,0,0,0,0,0,0,0,0,0,0,0,0,0,0,0,0,0,0,0,0,0,0,0,0,0,0,0,0,0,0,0,0,0,0,0,0,0,0,0,0,0,0,0,0,0,0,0,0,0,0,0,0,0,0,0,0,0,0,0,0,0,0,0,0,0,0,0,0,0,0,0,0,0,0,0,0,0,0,0,0,0,0,0,0,0,0,0,0,0,0,0,0,0,0,0,0,0,0,0,0,0,0,0,0,0,0,0,0,0,0
9,0,0,0,0,0,0,0,0,0,0,0,0,0,0,0,0,0,0,0,0,0,0,0,0,0,0,0,0,0,0,0,0,0,0,0,0,0,0,0,0,0,0,0,0,0,0,0,0,0,0,0,0,0,0,0,0,0,0,0,0,0,0,0,0,0,0,0,0,0,0,0,0,0,0,0,0,0,0,0,0,0,0,0,0,0,0,0,0,0,0,0,0,0,0,0,0,0,0,0,0,0,0,0,0,0,0,0,0,0,0,0,0,0,0,0,0,0,0,0,0,0,0,0,0,0,0,0,0,0,0,0,0,0,0,0,0,0,0,0,0,0,0,0,0,0,0,0,0,0,0,0,0,0,0,0,0,0,0,0,0,0,0,0,0,0,0,0,0,0,0,0,0,0,0,0,0,0,0,0,0,0,0,0,0,0,0,0,0,0,0,0,0,0,0,0,0,0,0,0,0,0,0,0,0,0,0,0,0,0,0,45,103,254,254,255,184,73,0,0,0,0,0,0,0,0,0,0,0,0,0,0,0,0,0,0,0,85,169,245,253,253,253,253,253,230,97,0,0,0,0,0,0,0,0,0,0,0,0,0,0,0,0,0,91,233,253,160,89,95,232,253,253,253,125,0,0,0,0,0,0,0,0,0,0,0,0,0,0,0,0,0,187,253,117,7,0,6,136,242,253,251,112,0,0,0,0,0,0,0,0,0,0,0,0,0,0,0,0,0,200,253,113,2,76,75,194,253,253,159,0,0,0,0,0,0,0,0,0,0,0,0,0,0,0,0,0,0,177,253,239,228,216,253,253,253,173,10,0,0,0,0,0,0,0,0,0,0,0,0,0,0,0,0,0,0,27,200,253,253,253,253,253,253,102,0,0,0,0,0,0,0,0,0,0,0,0,0,0,0,0,0,0,0,0,6,14,15,102,253,253,159,5,0,0,0,0,0,0,0,0,0,0,0,0,0,0,0,0,0,0,0,0,0,0,41,216,253,190,19,0,0,0,0,0,0,0,0,0,0,0,0,0,0,0,0,0,0,0,0,0,0,30,153,253,248,51,0,0,0,0,0,0,0,0,0,0,0,0,0,0,0,0,0,0,0,0,0,0,0,94,253,252,120,17,0,0,0,0,0,0,0,0,0,0,0,0,0,0,0,0,0,0,0,0,0,0,47,250,252,148,0,0,0,0,0,0,0,0,0,0,0,0,0,0,0,0,0,0,0,0,0,0,0,25,182,253,203,0,0,0,0,0,0,0,0,0,0,0,0,0,0,0,0,0,0,0,0,0,0,0,0,206,253,220,50,0,0,0,0,0,0,0,0,0,0,0,0,0,0,0,0,0,0,0,0,0,0,3,92,252,244,106,0,0,0,0,0,0,0,0,0,0,0,0,0,0,0,0,0,0,0,0,0,0,0,50,226,241,109,0,0,0,0,0,0,0,0,0,0,0,0,0,0,0,0,0,0,0,0,0,0,0,40,235,253,137,24,0,0,0,0,0,0,0,0,0,0,0,0,0,0,0,0,0,0,0,0,0,0,15,208,253,190,29,0,0,0,0,0,0,0,0,0,0,0,0,0,0,0,0,0,0,0,0,0,0,30,218,240,146,6,0,0,0,0,0,0,0,0,0,0,0,0,0,0,0,0,0,0,0,0,0,0,4,160,167,70,0,0,0,0,0,0,0,0,0,0,0,0,0,0,0,0,0,0,0,0,0,0,0,0,0,0,0,0,0,0,0,0,0,0,0,0,0,0,0,0,0,0,0,0,0,0,0
0,0,0,0,0,0,0,0,0,0,0,0,0,0,0,0,0,0,0,0,0,0,0,0,0,0,0,0,0,0,0,0,0,0,0,0,0,0,0,0,0,0,0,0,0,0,0,0,0,0,0,0,0,0,0,0,0,0,0,0,0,0,0,0,0,0,0,0,0,0,0,0,0,0,0,0,0,0,0,0,0,0,0,0,0,0,0,0,0,0,0,0,0,0,0,0,0,0,0,0,0,0,0,0,0,0,0,0,0,0,0,0,0,0,0,0,0,0,0,0,0,0,0,0,0,0,0,0,0,0,0,0,0,0,0,0,0,0,0,0,0,0,0,0,0,0,0,0,0,0,0,0,0,0,0,53,255,253,253,253,124,0,0,0,0,0,0,0,0,0,0,0,0,0,0,0,0,0,0,0,0,0,0,180,253,251,251,251,251,145,62,0,0,0,0,0,0,0,0,0,0,0,0,0,0,0,0,0,0,32,217,241,253,251,251,251,251,253,107,0,0,0,0,0,0,0,0,0,0,0,0,0,0,0,0,0,0,37,251,251,253,251,251,251,251,253,107,0,0,0,0,0,0,0,0,0,0,0,0,0,0,0,0,0,0,166,251,251,253,251,96,148,251,253,107,0,0,0,0,0,0,0,0,0,0,0,0,0,0,0,0,73,253,253,253,253,130,0,0,110,253,255,108,0,0,0,0,0,0,0,0,0,0,0,0,0,0,0,0,73,251,251,251,251,0,0,0,109,251,253,107,0,0,0,0,0,0,0,0,0,0,0,0,0,0,0,0,202,251,251,251,225,0,0,6,129,251,253,107,0,0,0,0,0,0,0,0,0,0,0,0,0,0,0,0,150,251,251,251,71,0,0,115,251,251,253,107,0,0,0,0,0,0,0,0,0,0,0,0,0,0,0,0,253,251,251,173,20,0,0,217,251,251,253,107,0,0,0,0,0,0,0,0,0,0,0,0,0,0,0,182,255,253,216,0,0,0,0,218,253,253,182,0,0,0,0,0,0,0,0,0,0,0,0,0,0,0,63,221,253,251,215,0,0,0,84,236,251,251,77,0,0,0,0,0,0,0,0,0,0,0,0,0,0,0,109,251,253,251,215,0,0,11,160,251,251,96,0,0,0,0,0,0,0,0,0,0,0,0,0,0,0,0,109,251,253,251,137,0,0,150,251,251,251,71,0,0,0,0,0,0,0,0,0,0,0,0,0,0,0,0,109,251,253,251,35,0,130,253,251,251,173,20,0,0,0,0,0,0,0,0,0,0,0,0,0,0,0,0,110,253,255,253,98,150,253,255,253,164,0,0,0,0,0,0,0,0,0,0,0,0,0,0,0,0,0,0,109,251,253,251,251,251,251,253,251,35,0,0,0,0,0,0,0,0,0,0,0,0,0,0,0,0,0,0,93,241,253,251,251,251,251,216,112,5,0,0,0,0,0,0,0,0,0,0,0,0,0,0,0,0,0,0,0,103,253,251,251,251,251,0,0,0,0,0,0,0,0,0,0,0,0,0,0,0,0,0,0,0,0,0,0,0,124,251,225,71,71,0,0,0,0,0,0,0,0,0,0,0,0,0,0,0,0,0,0,0,0,0,0,0,0,0,0,0,0,0,0,0,0,0,0,0,0,0,0,0,0,0,0,0,0,0,0,0,0,0,0,0,0,0,0,0,0,0,0,0,0,0,0,0,0,0,0,0,0,0,0,0,0,0,0,0,0,0,0,0,0,0,0,0,0,0,0,0,0,0,0,0,0,0,0,0,0,0
5,0,0,0,0,0,0,0,0,0,0,0,0,0,0,0,0,0,0,0,0,0,0,0,0,0,0,0,0,0,0,0,0,0,0,0,0,0,0,0,0,0,0,0,0,0,0,0,0,0,0,0,0,0,0,0,0,0,0,0,0,0,0,0,0,0,0,0,0,0,0,0,0,0,0,0,0,0,0,0,0,0,0,0,0,0,0,0,0,0,0,0,0,0,0,0,0,0,0,0,0,0,0,0,0,0,0,0,0,0,0,0,0,0,0,0,0,0,0,0,0,0,0,0,0,0,0,0,0,0,0,0,0,0,0,0,0,0,0,0,0,0,0,0,0,0,0,0,0,0,0,0,0,0,0,0,0,0,0,0,0,0,0,0,0,0,0,0,0,0,0,0,0,0,0,0,0,0,0,0,0,0,0,0,0,0,0,0,0,29,141,198,255,198,0,0,0,0,0,0,0,0,0,0,0,0,0,0,0,0,0,0,0,0,86,141,198,255,255,255,255,170,0,0,0,0,0,0,0,0,0,0,0,0,0,0,0,0,0,29,141,226,255,255,255,255,198,86,0,0,0,0,0,0,0,0,0,0,0,0,0,0,0,0,0,0,0,170,255,255,170,86,86,0,0,0,0,0,0,0,0,0,0,0,0,0,0,0,0,0,0,0,0,0,141,226,170,57,0,0,0,0,0,0,0,0,0,0,0,0,0,0,0,0,0,0,0,0,0,0,0,86,255,198,29,0,0,0,0,0,0,0,0,0,0,0,0,0,0,0,0,0,0,0,0,0,0,0,0,198,255,141,86,57,0,0,0,0,0,0,0,0,0,0,0,0,0,0,0,0,0,0,0,0,0,0,170,255,198,114,226,170,29,0,0,0,0,0,0,0,0,0,0,0,0,0,0,0,0,0,0,0,57,198,255,114,29,0,141,255,29,0,0,0,0,0,0,0,0,0,0,0,0,0,0,0,0,0,0,0,114,255,114,0,0,0,141,255,29,0,0,0,0,0,0,0,0,0,0,0,0,0,0,0,0,0,0,0,0,29,0,0,0,0,226,255,29,0,0,0,0,0,0,0,0,0,0,0,0,0,0,0,0,0,0,0,0,0,0,0,0,114,255,141,0,0,0,0,0,0,0,0,0,0,0,0,0,0,0,0,86,0,0,0,0,0,0,0,114,226,226,29,0,0,0,0,0,0,0,0,0,0,0,0,0,0,0,0,255,198,86,0,0,0,141,255,255,170,29,0,0,0,0,0,0,0,0,0,0,0,0,0,0,0,0,0,226,255,226,170,226,255,255,198,29,0,0,0,0,0,0,0,0,0,0,0,0,0,0,0,0,0,0,0,86,198,255,255,170,141,57,0,0,0,0,0,0,0,0,0,0,0,0,0,0,0,0,0,0,0,0,0,0,0,0,0,0,0,0,0,0,0,0,0,0,0,0,0,0,0,0,0,0,0,0,0,0,0,0,0,0,0,0,0,0,0,0,0,0,0,0,0,0,0,0,0,0,0,0,0,0,0,0,0,0,0,0,0,0,0,0,0,0,0,0,0,0,0,0,0,0,0,0,0,0,0,0,0,0,0,0,0,0,0,0,0,0,0,0,0,0,0,0,0,0,0,0,0,0,0,0,0,0,0,0,0,0,0,0,0,0,0,0,0,0,0,0,0,0,0,0,0,0,0,0,0,0,0,0,0,0,0,0,0,0,0,0,0,0,0,0,0,0,0,0,0,0,0,0,0,0,0,0,0,0,0,0,0,0,0,0,0,0,0,0
